Workbook

Sheet Information Sheet
J5: Estimated Cost Analysis
K7: Received | L7: Issued | M7: Remaining
J8: Food and Water | K8: ='Food & Water '!BI10 -> 0 | L8: ='Food & Water '!BJ10 -> 0 | M8: ='Food & Water '!BK10 -> 0
J9: Medical Supplies | K9: ='Medical Supplies '!BI130 -> 11950200 | L9: ='Medical Supplies '!BJ130 -> 230342.43 | M9: ='Medical Supplies '!BK130 -> 11719858
C10: NATIONAL STAGING CENTRE INVENTORY SYSTEM | J10: Shelter and NFI | K10: =#REF! -> #REF! | L10: =#REF! -> #REF! | M10: =#REF! -> #REF!
J11: Hygiene and Sanitation | K11: ='Hygiene and Sanitation'!BI28 -> 0 | L11: ='Hygiene and Sanitation'!BJ28 -> 0 | M11: ='Hygiene and Sanitation'!BK28 -> 0
J12: Logs and Engr Eqpt | K12: ='Logistics & Engineering Equipme'!BI28 -> 400665 | L12: ='Logistics & Engineering Equipme'!BJ28 -> 96858 | M12: ='Logistics & Engineering Equipme'!BK28 -> 303807
J13: Totals | K13: =SUM(K8:K12) -> #REF! | L13: =SUM(L8:L12) -> #REF! | M13: =SUM(M8:M12) -> #REF!
C29: National Staging Centres | D29: Abbreviations | E29: Address | H29: Point of Contact
C31: Kingston Wharf | D31: KW | E31: 195 Second Street Kingston 13, Newport West, Jamaica | H31: Capt S CORNWALL
C32: Marcus Garvey | D32: MG | E32: 80 Marcus Garvey Drive, Kingston | H32: Lt S WILLIAMS
C33: IAM Jet Centre | D33: MOBAY | E33: Burke Barracks, Montego Bay | H33: Lt S SCOTT
C36: Distribution Hubs
C37: St Elizabeth- Black River | D37: 1
C38: Trelawny - Multi Purpose Stadium | D38: 1
C39: St James- Burke Barracks | D39: 1
C40: Hanover - Lucea | D40: 1
C41: Westmoreland- Frome | D41: 1
C46: Colors
D47: ITEMS BEING CHECKED

Sheet Food & Water 
A1: Description of items | B1: Unit | C1: Total Quantity Received | D1: Total Quantity Issued | E1: Quantity in store | F1: Location | G1: 45960 | I1: 45961 | K1: 45962 | M1: 45963 | O1: 45964 | Q1: 45965 | S1: 45966 | U1: 45967 | W1: 45968 | Y1: 45969 | AA1: 45970 | AC1: 45971 | AE1: 45972 | AG1: 45973 | AI1: 45974 | AK1: 45975 | AM1: 45976 | AO1: 45977 | AQ1: 45978 | AS1: 45979 | AU1: 45980 | AW1: 45981 | AY1: 45982 | BA1: 45983 | BC1: 45984 | BE1: 45985 | BG1: Quantity in Store | BH1: Unit Cost(USD) | BI1: Total Cost (USD) | BJ1: Issued (USD) | BK1: Balance (USD)
G2: Received | H2: Issue | I2: Received | J2: Issue | K2: Received | L2: Issue | M2: Received | N2: Issue | O2: Received | P2: Issue | Q2: Received | R2: Issue | S2: Received | T2: Issue | U2: Received | V2: Issue | W2: Received | X2: Issue | Y2: Received | Z2: Issue | AA2: Received | AB2: Issue | AC2: Received | AD2: Issue | AE2: Received | AF2: Issue | AG2: Received | AH2: Issue | AI2: Received | AJ2: Issue | AK2: Received | AL2: Issue | AM2: Received | AN2: Issue | AO2: Received | AP2: Issue | AQ2: Received | AR2: Issue | AS2: Received | AT2: Issue | AU2: Received | AV2: Issue | AW2: Received | AX2: Issue | AY2: Received | AZ2: Issue | BA2: Received | BB2: Issue | BC2: Received | BD2: Issue | BE2: Received | BF2: Issue
A3: Food Packages | B3: ea | C3: =SUM(G3+I3+K3+M3+O3+Q3+S3+U3+W3+Y3+AA3+AC3+AE3+AG3+AI3+AK3+AM3+AO3+AQ3+AS3+AU3+AW3+AY3+BA3+BC3+BE3) -> 73706 | D3: =H3+J3+L3+N3+P3+R3+T3+V3+X3+Z3+AB3+AD3+AF3+AH3+AJ3+AL3+AN3+AP3+AR3+AT3+AV3+AX3+AZ3+BB3+BD3+BF3 -> 60813 | E3: =C3-D3 -> 12893 | F3: KW | G3: 900 | H3: =827 -> 827 | I3: 0 | J3: 30 | K3: 70 | L3: 0 | M3: 0 | N3: =70+43 -> 113 | O3: 0 | P3: 0 | Q3: 69080 | R3: 0 | S3: 1100 | T3: =1100+2500 -> 3600 | U3: 0 | V3: =2200+1800+10+1200 -> 5210 | W3: 0 | X3: =2000+90 -> 2090 | Y3: 0 | Z3: =1600+2000+2000+2000+1800+30 -> 9430 | AA3: 0 | AB3: =2000+2000+2000+2000+6000 -> 14000 | AC3: 0 | AD3: 0 | AE3: =740+1816 -> 2556 | AF3: =2200+2200+2200+2000+2200+2200 -> 13000 | AG3: 0 | AH3: 316 | AI3: 0 | AJ3: =550+1800+250+112 -> 2712 | AK3: 0 | AL3: =63+116+43+3+15 -> 240 | AM3: 0 | AN3: =200+200+200 -> 600 | AO3: 0 | AP3: 0 | AQ3: 0 | AR3: =1350+2600 -> 3950 | AS3: 0 | AT3: 0 | AU3: 0 | AV3: 200 | AW3: 0 | AX3: =1500+200 -> 1700 | AY3: 0 | AZ3: =195+600 -> 795 | BA3: 0 | BB3: 2000 | BC3: 0 | BD3: 0 | BE3: 0 | BF3: 0 | BG3: =G3-H3+I3-J3+K3-L3+M3-N3+O3-P3+Q3-R3+S3-T3+U3-V3+W3-X3+Y3-Z3+AA3-AB3+AC3-AD3+AE3-AF3+AG3-AH3+AI3-AJ3+AK3-AL3+AM3-AN3+AO3-AP3+AQ3-AR3+AS3-AT3+AU3-AV3+AW3-AX3+AY3-AZ3+BA3-+BB3+BC3-BD3+BE3-BF3 -> 12893 | BH3: 25 | BI3: =C3*BH3 -> 1842650 | BJ3: =D3*BH3 -> 1520325 | BK3: =E3*BH3 -> 322325
A4: Oil (600 ml) | B4: ea | C4: =SUM(G4+I4+K4+M4+O4+Q4+S4+U4+W4+Y4+AA4+AC4+AE4+AG4+AI4+AK4+AM4+AO4+AQ4+AS4+AU4+AW4+AY4+BA4+BC4+BE4) -> 996 | D4: =H4+J4+L4+N4+P4+R4+T4+V4+X4+Z4+AB4+AD4+AF4+AH4+AJ4+AL4+AN4+AP4+AR4+AT4+AV4+AX4+AZ4+BB4+BD4+BF4 -> 996 | E4: =C4-D4 -> 0 | G4: 996 | H4: 0 | I4: 0 | J4: 69 | K4: 0 | L4: 0 | M4: 0 | N4: 0 | O4: 0 | P4: 927 | Q4: 0 | R4: 0 | S4: 0 | T4: 0 | U4: 0 | V4: 0 | W4: 0 | X4: 0 | Y4: 0 | Z4: 0 | AA4: 0 | AB4: 0 | AC4: 0 | AD4: 0 | AE4: 0 | AF4: 0 | AG4: 0 | AH4: 0 | AI4: 0 | AJ4: 0 | AK4: 0 | AL4: 0 | AM4: 0 | AN4: 0 | AO4: 0 | AP4: 0 | AQ4: 0 | AR4: 0 | AS4: 0 | AT4: 0 | AU4: 0 | AV4: 0 | AW4: 0 | AX4: 0 | AY4: 0 | AZ4: 0 | BA4: 0 | BB4: 0 | BC4: 0 | BD4: 0 | BE4: 0 | BF4: 0 | BG4: =G4-H4+I4-J4+K4-L4+M4-N4+O4-P4+Q4-R4+S4-T4+U4-V4+W4-X4+Y4-Z4+AA4-AB4+AC4-AD4+AE4-AF4+AG4-AH4+AI4-AJ4+AK4-AL4+AM4-AN4+AO4-AP4+AQ4-AR4+AS4-AT4+AU4-AV4+AW4-AX4+AY4-AZ4+BA4-+BB4+BC4-BD4+BE4-BF4 -> 0 | BH4: 1.5 | BI4: =C4*BH4 -> 1494 | BJ4: =D4*BH4 -> 1494 | BK4: =E4*BH4 -> 0
A5: Bottle Water (12 per case) | B5: ea | C5: =SUM(G5+I5+K5+M5+O5+Q5+S5+U5+W5+Y5+AA5+AC5+AE5+AG5+AI5+AK5+AM5+AO5+AQ5+AS5+AU5+AW5+AY5+BA5+BC5+BE5) -> 41931 | D5: =H5+J5+L5+N5+P5+R5+T5+V5+X5+Z5+AB5+AD5+AF5+AH5+AJ5+AL5+AN5+AP5+AR5+AT5+AV5+AX5+AZ5+BB5+BD5+BF5 -> 41201 | E5: =C5-D5 -> 730 | F5: MG | G5: 0 | H5: 0 | I5: 0 | J5: 0 | K5: 0 | L5: 0 | M5: 0 | N5: 0 | O5: =15960+16632 -> 32592 | P5: 15960 | Q5: 4918 | R5: 0 | S5: 0 | T5: =2400+3600 -> 6000 | U5: 0 | V5: 7200 | W5: 0 | X5: 0 | Y5: 0 | Z5: 360 | AA5: 0 | AB5: 7200 | AC5: 0 | AD5: 0 | AE5: 2064 | AF5: 0 | AG5: 0 | AH5: 0 | AI5: 0 | AJ5: 0 | AK5: 0 | AL5: 1200 | AM5: 2357 | AN5: 0 | AO5: 0 | AP5: 0 | AQ5: 0 | AR5: =1152+1173 -> 2325 | AS5: 0 | AT5: 0 | AU5: 0 | AV5: 0 | AW5: 0 | AX5: =836+120 -> 956 | AY5: 0 | AZ5: 0 | BA5: 0 | BB5: 0 | BC5: 0 | BD5: 0 | BE5: 0 | BF5: 0 | BG5: =G5-H5+I5-J5+K5-L5+M5-N5+O5-P5+Q5-R5+S5-T5+U5-V5+W5-X5+Y5-Z5+AA5-AB5+AC5-AD5+AE5-AF5+AG5-AH5+AI5-AJ5+AK5-AL5+AM5-AN5+AO5-AP5+AQ5-AR5+AS5-AT5+AU5-AV5+AW5-AX5+AY5-AZ5+BA5-+BB5+BC5-BD5+BE5-BF5 -> 730 | BH5: 0.03 | BI5: =C5*BH5 -> 1257.93 | BJ5: =D5*BH5 -> 1236.03 | BK5: =E5*BH5 -> 21.9
A6: Bottle Water (5 Gal ) | B6: ea | C6: =SUM(G6+I6+K6+M6+O6+Q6+S6+U6+W6+Y6+AA6+AC6+AE6+AG6+AI6+AK6+AM6+AO6+AQ6+AS6+AU6+AW6+AY6+BA6+BC6+BE6) -> 100 | D6: =H6+J6+L6+N6+P6+R6+T6+V6+X6+Z6+AB6+AD6+AF6+AH6+AJ6+AL6+AN6+AP6+AR6+AT6+AV6+AX6+AZ6+BB6+BD6+BF6 -> 20 | E6: =C6-D6 -> 80 | F6: MG | G6: 0 | H6: 0 | I6: 0 | J6: 0 | K6: 0 | L6: 0 | M6: 0 | N6: 0 | O6: 0 | P6: 0 | Q6: 0 | R6: 0 | S6: 0 | T6: 0 | U6: 0 | V6: 0 | W6: 0 | X6: 0 | Y6: 0 | Z6: 0 | AA6: 0 | AB6: 0 | AC6: 0 | AD6: 0 | AE6: 0 | AF6: 0 | AG6: 0 | AH6: 0 | AI6: 0 | AJ6: 0 | AK6: 0 | AL6: 0 | AM6: 0 | AN6: 0 | AO6: 0 | AP6: 0 | AQ6: 0 | AR6: 0 | AS6: 0 | AT6: 0 | AU6: 100 | AV6: 0 | AW6: 0 | AX6: 20 | AY6: 0 | AZ6: 0 | BA6: 0 | BB6: 0 | BC6: 0 | BD6: 0 | BE6: 0 | BF6: 0 | BG6: =G6-H6+I6-J6+K6-L6+M6-N6+O6-P6+Q6-R6+S6-T6+U6-V6+W6-X6+Y6-Z6+AA6-AB6+AC6-AD6+AE6-AF6+AG6-AH6+AI6-AJ6+AK6-AL6+AM6-AN6+AO6-AP6+AQ6-AR6+AS6-AT6+AU6-AV6+AW6-AX6+AY6-AZ6+BA6-+BB6+BC6-BD6+BE6-BF6 -> 80
A7: Meals Ready to Eat | B7: ea | C7: =SUM(G7+I7+K7+M7+O7+Q7+S7+U7+W7+Y7+AA7+AC7+AE7+AG7+AI7+AK7+AM7+AO7+AQ7+AS7+AU7+AW7+AY7+BA7+BC7+BE7) -> 1544 | D7: =H7+J7+L7+N7+P7+R7+T7+V7+X7+Z7+AB7+AD7+AF7+AH7+AJ7+AL7+AN7+AP7+AR7+AT7+AV7+AX7+AZ7+BB7+BD7+BF7 -> 1324 | E7: =C7-D7 -> 220 | F7: MG | G7: 0 | H7: 0 | I7: 0 | J7: 0 | K7: 0 | L7: 0 | M7: 0 | N7: 0 | O7: 864 | P7: 0 | Q7: 0 | R7: 0 | S7: 0 | T7: 864 | U7: 680 | V7: 0 | W7: 0 | X7: 0 | Y7: 0 | Z7: 160 | AA7: 0 | AB7: 0 | AC7: 0 | AD7: 0 | AE7: 0 | AF7: 0 | AG7: 0 | AH7: 300 | AI7: 0 | AJ7: 0 | AK7: 0 | AL7: 0 | AM7: 0 | AN7: 0 | AO7: 0 | AP7: 0 | AQ7: 0 | AR7: 0 | AS7: 0 | AT7: 0 | AU7: 0 | AV7: 0 | AW7: 0 | AX7: 0 | AY7: 0 | AZ7: 0 | BA7: 0 | BB7: 0 | BC7: 0 | BD7: 0 | BE7: 0 | BF7: 0 | BG7: =G7-H7+I7-J7+K7-L7+M7-N7+O7-P7+Q7-R7+S7-T7+U7-V7+W7-X7+Y7-Z7+AA7-AB7+AC7-AD7+AE7-AF7+AG7-AH7+AI7-AJ7+AK7-AL7+AM7-AN7+AO7-AP7+AQ7-AR7+AS7-AT7+AU7-AV7+AW7-AX7+AY7-AZ7+BA7-+BB7+BC7-BD7+BE7-BF7 -> 220 | BH7: 6 | BI7: =C7*BH7 -> 9264 | BJ7: =D7*BH7 -> 7944 | BK7: =E7*BH7 -> 1320
A8: Water Purification Tablets (108,000 per box) | B8: ea | C8: =SUM(G8+I8+K8+M8+O8+Q8+S8+U8+W8+Y8+AA8+AC8+AE8+AG8+AI8+AK8+AM8+AO8+AQ8+AS8+AU8+AW8+AY8+BA8+BC8+BE8) -> 4428000 | D8: =H8+J8+L8+N8+P8+R8+T8+V8+X8+Z8+AB8+AD8+AF8+AH8+AJ8+AL8+AN8+AP8+AR8+AT8+AV8+AX8+AZ8+BB8+BD8+BF8 -> 967000 | E8: =C8-D8 -> 3461000 | F8: MG | G8: 0 | H8: 0 | I8: 0 | J8: 0 | K8: 0 | L8: 0 | M8: 0 | N8: 0 | O8: 0 | P8: 0 | Q8: 0 | R8: 0 | S8: 0 | T8: 0 | U8: 4104000 | V8: 0 | W8: 0 | X8: 0 | Y8: 0 | Z8: 0 | AA8: 0 | AB8: 0 | AC8: 0 | AD8: 0 | AE8: 0 | AF8: 0 | AG8: 0 | AH8: 750000 | AI8: 0 | AJ8: 0 | AK8: 0 | AL8: 0 | AM8: =108000+108000+108000 -> 324000 | AN8: 0 | AO8: 0 | AP8: 0 | AQ8: 0 | AR8: 0 | AS8: 0 | AT8: 0 | AU8: 0 | AV8: 0 | AW8: 0 | AX8: 108000 | AY8: 0 | AZ8: =108000+1000 -> 109000 | BA8: 0 | BB8: 0 | BC8: 0 | BD8: 0 | BE8: 0 | BF8: 0 | BG8: =G8-H8+I8-J8+K8-L8+M8-N8+O8-P8+Q8-R8+S8-T8+U8-V8+W8-X8+Y8-Z8+AA8-AB8+AC8-AD8+AE8-AF8+AG8-AH8+AI8-AJ8+AK8-AL8+AM8-AN8+AO8-AP8+AQ8-AR8+AS8-AT8+AU8-AV8+AW8-AX8+AY8-AZ8+BA8-+BB8+BC8-BD8+BE8-BF8 -> 3461000 | BH8: 0.1 | BI8: =C8*BH8 -> 442800 | BJ8: =D8*BH8 -> 96700 | BK8: =E8*BH8 -> 346100
A9: Cup Soup | B9: cases | C9: =SUM(G9+I9+K9+M9+O9+Q9+S9+U9+W9+Y9+AA9+AC9+AE9+AG9+AI9+AK9+AM9+AO9+AQ9+AS9+AU9+AW9+AY9+BA9+BC9+BE9) -> 52 | D9: =H9+J9+L9+N9+P9+R9+T9+V9+X9+Z9+AB9+AD9+AF9+AH9+AJ9+AL9+AN9+AP9+AR9+AT9+AV9+AX9+AZ9+BB9+BD9+BF9 -> 52 | E9: =C9-D9 -> 0 | G9: 0 | H9: 0 | I9: 0 | J9: 0 | K9: 0 | L9: 0 | M9: 0 | N9: 0 | O9: 0 | P9: 0 | Q9: 0 | R9: 0 | S9: 0 | T9: 0 | U9: 0 | V9: 0 | W9: 0 | X9: 0 | Y9: 0 | Z9: 0 | AA9: 0 | AB9: 0 | AC9: 0 | AD9: 0 | AE9: 52 | AF9: 0 | AG9: 0 | AH9: 0 | AI9: 0 | AJ9: 0 | AK9: 0 | AL9: 0 | AM9: 0 | AN9: 0 | AO9: 0 | AP9: 0 | AQ9: 0 | AR9: 0 | AS9: 0 | AT9: 0 | AU9: 0 | AV9: 0 | AW9: 0 | AX9: 52 | AY9: 0 | AZ9: 0 | BA9: 0 | BB9: 0 | BC9: 0 | BD9: 0 | BE9: 0 | BF9: 0 | BG9: =G9-H9+I9-J9+K9-L9+M9-N9+O9-P9+Q9-R9+S9-T9+U9-V9+W9-X9+Y9-Z9+AA9-AB9+AC9-AD9+AE9-AF9+AG9-AH9+AI9-AJ9+AK9-AL9+AM9-AN9+AO9-AP9+AQ9-AR9+AS9-AT9+AU9-AV9+AW9-AX9+AY9-AZ9+BA9-+BB9+BC9-BD9+BE9-BF9 -> 0 | BH9: 14 | BI9: =C9*BH9 -> 728 | BJ9: =D9*BH9 -> 728 | BK9: =E9*BH9 -> 0
A10: Mysimilac Sml | B10: ea | C10: =SUM(G10+I10+K10+M10+O10+Q10+S10+U10+W10+Y10+AA10+AC10+AE10+AG10+AI10+AK10+AM10+AO10+AQ10+AS10+AU10+AW10+AY10+BA10+BC10+BE10) -> 60 | D10: =H10+J10+L10+N10+P10+R10+T10+V10+X10+Z10+AB10+AD10+AF10+AH10+AJ10+AL10+AN10+AP10+AR10+AT10+AV10+AX10+AZ10+BB10+BD10+BF10 -> 58 | E10: =C10-D10 -> 2 | G10: 0 | H10: 0 | I10: 0 | J10: 0 | K10: 0 | L10: 0 | M10: 0 | N10: 0 | O10: 0 | P10: 0 | Q10: 0 | R10: 0 | S10: 0 | T10: 0 | U10: 0 | V10: 0 | W10: 0 | X10: 0 | Y10: 0 | Z10: 0 | AA10: 0 | AB10: 0 | AC10: 0 | AD10: 0 | AE10: 0 | AF10: 0 | AG10: 0 | AH10: 0 | AI10: 60 | AJ10: 0 | AK10: 0 | AL10: 0 | AM10: 0 | AN10: 0 | AO10: 0 | AP10: 0 | AQ10: 0 | AR10: =29+29 -> 58 | AS10: 0 | AT10: 0 | AU10: 0 | AV10: 0 | AW10: 0 | AX10: 0 | AY10: 0 | AZ10: 0 | BA10: 0 | BB10: 0 | BC10: 0 | BD10: 0 | BE10: 0 | BF10: 0 | BG10: =G10-H10+I10-J10+K10-L10+M10-N10+O10-P10+Q10-R10+S10-T10+U10-V10+W10-X10+Y10-Z10+AA10-AB10+AC10-AD10+AE10-AF10+AG10-AH10+AI10-AJ10+AK10-AL10+AM10-AN10+AO10-AP10+AQ10-AR10+AS10-AT10+AU10-AV10+AW10-AX10+AY10-AZ10+BA10-+BB10+BC10-BD10+BE10-BF10 -> 2 | BH10: 0 | BI10: =C10*BH10 -> 0 | BJ10: =D10*BH10 -> 0 | BK10: =E10*BH10 -> 0
A11: Parents Choice Formula | B11: ea | C11: =SUM(G11+I11+K11+M11+O11+Q11+S11+U11+W11+Y11+AA11+AC11+AE11+AG11+AI11+AK11+AM11+AO11+AQ11+AS11+AU11+AW11+AY11+BA11+BC11+BE11) -> 3 | D11: =H11+J11+L11+N11+P11+R11+T11+V11+X11+Z11+AB11+AD11+AF11+AH11+AJ11+AL11+AN11+AP11+AR11+AT11+AV11+AX11+AZ11+BB11+BD11+BF11 -> 3 | E11: =C11-D11 -> 0 | G11: 0 | H11: 0 | I11: 0 | J11: 0 | K11: 0 | L11: 0 | M11: 0 | N11: 0 | O11: 0 | P11: 0 | Q11: 0 | R11: 0 | S11: 0 | T11: 0 | U11: 0 | V11: 0 | W11: 0 | X11: 0 | Y11: 0 | Z11: 0 | AA11: 0 | AB11: 0 | AC11: 0 | AD11: 0 | AE11: 0 | AF11: 0 | AG11: 0 | AH11: 0 | AI11: 3 | AJ11: 0 | AK11: 0 | AL11: 0 | AM11: 0 | AN11: 0 | AO11: 0 | AP11: 0 | AQ11: 0 | AR11: 3 | AS11: 0 | AT11: 0 | AU11: 0 | AV11: 0 | AW11: 0 | AX11: 0 | AY11: 0 | AZ11: 0 | BA11: 0 | BB11: 0 | BC11: 0 | BD11: 0 | BE11: 0 | BF11: 0 | BG11: =G11-H11+I11-J11+K11-L11+M11-N11+O11-P11+Q11-R11+S11-T11+U11-V11+W11-X11+Y11-Z11+AA11-AB11+AC11-AD11+AE11-AF11+AG11-AH11+AI11-AJ11+AK11-AL11+AM11-AN11+AO11-AP11+AQ11-AR11+AS11-AT11+AU11-AV11+AW11-AX11+AY11-AZ11+BA11-+BB11+BC11-BD11+BE11-BF11 -> 0 | BH11: 0 | BI11: =C11*BH11 -> 0 | BJ11: =D11*BH11 -> 0 | BK11: =E11*BH11 -> 0
A12: Nestle Nido Formula | B12: ea | C12: =SUM(G12+I12+K12+M12+O12+Q12+S12+U12+W12+Y12+AA12+AC12+AE12+AG12+AI12+AK12+AM12+AO12+AQ12+AS12+AU12+AW12+AY12+BA12+BC12+BE12) -> 2 | D12: =H12+J12+L12+N12+P12+R12+T12+V12+X12+Z12+AB12+AD12+AF12+AH12+AJ12+AL12+AN12+AP12+AR12+AT12+AV12+AX12+AZ12+BB12+BD12+BF12 -> 2 | E12: =C12-D12 -> 0 | G12: 0 | H12: 0 | I12: 0 | J12: 0 | K12: 0 | L12: 0 | M12: 0 | N12: 0 | O12: 0 | P12: 0 | Q12: 0 | R12: 0 | S12: 0 | T12: 0 | U12: 0 | V12: 0 | W12: 0 | X12: 0 | Y12: 0 | Z12: 0 | AA12: 0 | AB12: 0 | AC12: 0 | AD12: 0 | AE12: 0 | AF12: 0 | AG12: 0 | AH12: 0 | AI12: 2 | AJ12: 0 | AK12: 0 | AL12: 0 | AM12: 0 | AN12: 0 | AO12: 0 | AP12: 0 | AQ12: 0 | AR12: 2 | AS12: 0 | AT12: 0 | AU12: 0 | AV12: 0 | AW12: 0 | AX12: 0 | AY12: 0 | AZ12: 0 | BA12: 0 | BB12: 0 | BC12: 0 | BD12: 0 | BE12: 0 | BF12: 0 | BG12: =G12-H12+I12-J12+K12-L12+M12-N12+O12-P12+Q12-R12+S12-T12+U12-V12+W12-X12+Y12-Z12+AA12-AB12+AC12-AD12+AE12-AF12+AG12-AH12+AI12-AJ12+AK12-AL12+AM12-AN12+AO12-AP12+AQ12-AR12+AS12-AT12+AU12-AV12+AW12-AX12+AY12-AZ12+BA12-+BB12+BC12-BD12+BE12-BF12 -> 0 | BH12: 0 | BI12: =C12*BH12 -> 0 | BJ12: =D12*BH12 -> 0 | BK12: =E12*BH12 -> 0
A13: Similac | B13: ea | C13: =SUM(G13+I13+K13+M13+O13+Q13+S13+U13+W13+Y13+AA13+AC13+AE13+AG13+AI13+AK13+AM13+AO13+AQ13+AS13+AU13+AW13+AY13+BA13+BC13+BE13) -> 3 | D13: =H13+J13+L13+N13+P13+R13+T13+V13+X13+Z13+AB13+AD13+AF13+AH13+AJ13+AL13+AN13+AP13+AR13+AT13+AV13+AX13+AZ13+BB13+BD13+BF13 -> 3 | E13: =C13-D13 -> 0 | G13: 0 | H13: 0 | I13: 0 | J13: 0 | K13: 0 | L13: 0 | M13: 0 | N13: 0 | O13: 0 | P13: 0 | Q13: 0 | R13: 0 | S13: 0 | T13: 0 | U13: 0 | V13: 0 | W13: 0 | X13: 0 | Y13: 0 | Z13: 0 | AA13: 0 | AB13: 0 | AC13: 0 | AD13: 0 | AE13: 0 | AF13: 0 | AG13: 0 | AH13: 0 | AI13: 3 | AJ13: 0 | AK13: 0 | AL13: 0 | AM13: 0 | AN13: 0 | AO13: 0 | AP13: 0 | AQ13: 0 | AR13: 3 | AS13: 0 | AT13: 0 | AU13: 0 | AV13: 0 | AW13: 0 | AX13: 0 | AY13: 0 | AZ13: 0 | BA13: 0 | BB13: 0 | BC13: 0 | BD13: 0 | BE13: 0 | BF13: 0 | BG13: =G13-H13+I13-J13+K13-L13+M13-N13+O13-P13+Q13-R13+S13-T13+U13-V13+W13-X13+Y13-Z13+AA13-AB13+AC13-AD13+AE13-AF13+AG13-AH13+AI13-AJ13+AK13-AL13+AM13-AN13+AO13-AP13+AQ13-AR13+AS13-AT13+AU13-AV13+AW13-AX13+AY13-AZ13+BA13-+BB13+BC13-BD13+BE13-BF13 -> 0 | BH13: 0 | BI13: =C13*BH13 -> 0 | BJ13: =D13*BH13 -> 0 | BK13: =E13*BH13 -> 0
A14: Enfamil | B14: ea | C14: =SUM(G14+I14+K14+M14+O14+Q14+S14+U14+W14+Y14+AA14+AC14+AE14+AG14+AI14+AK14+AM14+AO14+AQ14+AS14+AU14+AW14+AY14+BA14+BC14+BE14) -> 2 | D14: =H14+J14+L14+N14+P14+R14+T14+V14+X14+Z14+AB14+AD14+AF14+AH14+AJ14+AL14+AN14+AP14+AR14+AT14+AV14+AX14+AZ14+BB14+BD14+BF14 -> 2 | E14: =C14-D14 -> 0 | G14: 0 | H14: 0 | I14: 0 | J14: 0 | K14: 0 | L14: 0 | M14: 0 | N14: 0 | O14: 0 | P14: 0 | Q14: 0 | R14: 0 | S14: 0 | T14: 0 | U14: 0 | V14: 0 | W14: 0 | X14: 0 | Y14: 0 | Z14: 0 | AA14: 0 | AB14: 0 | AC14: 0 | AD14: 0 | AE14: 0 | AF14: 0 | AG14: 0 | AH14: 0 | AI14: 2 | AJ14: 0 | AK14: 0 | AL14: 0 | AM14: 0 | AN14: 0 | AO14: 0 | AP14: 0 | AQ14: 0 | AR14: 2 | AS14: 0 | AT14: 0 | AU14: 0 | AV14: 0 | AW14: 0 | AX14: 0 | AY14: 0 | AZ14: 0 | BA14: 0 | BB14: 0 | BC14: 0 | BD14: 0 | BE14: 0 | BF14: 0 | BG14: =G14-H14+I14-J14+K14-L14+M14-N14+O14-P14+Q14-R14+S14-T14+U14-V14+W14-X14+Y14-Z14+AA14-AB14+AC14-AD14+AE14-AF14+AG14-AH14+AI14-AJ14+AK14-AL14+AM14-AN14+AO14-AP14+AQ14-AR14+AS14-AT14+AU14-AV14+AW14-AX14+AY14-AZ14+BA14-+BB14+BC14-BD14+BE14-BF14 -> 0 | BH14: 0 | BI14: =C14*BH14 -> 0 | BJ14: =D14*BH14 -> 0 | BK14: =E14*BH14 -> 0
A15: Mini Similac Formula | B15: ea | C15: =SUM(G15+I15+K15+M15+O15+Q15+S15+U15+W15+Y15+AA15+AC15+AE15+AG15+AI15+AK15+AM15+AO15+AQ15+AS15+AU15+AW15+AY15+BA15+BC15+BE15) -> 12 | D15: =H15+J15+L15+N15+P15+R15+T15+V15+X15+Z15+AB15+AD15+AF15+AH15+AJ15+AL15+AN15+AP15+AR15+AT15+AV15+AX15+AZ15+BB15+BD15+BF15 -> 12 | E15: =C15-D15 -> 0 | G15: 0 | H15: 0 | I15: 0 | J15: 0 | K15: 0 | L15: 0 | M15: 0 | N15: 0 | O15: 0 | P15: 0 | Q15: 0 | R15: 0 | S15: 0 | T15: 0 | U15: 0 | V15: 0 | W15: 0 | X15: 0 | Y15: 0 | Z15: 0 | AA15: 0 | AB15: 0 | AC15: 0 | AD15: 0 | AE15: 0 | AF15: 0 | AG15: 0 | AH15: 0 | AI15: 12 | AJ15: 0 | AK15: 0 | AL15: 0 | AM15: 0 | AN15: 0 | AO15: 0 | AP15: 0 | AQ15: 0 | AR15: 12 | AS15: 0 | AT15: 0 | AU15: 0 | AV15: 0 | AW15: 0 | AX15: 0 | AY15: 0 | AZ15: 0 | BA15: 0 | BB15: 0 | BC15: 0 | BD15: 0 | BE15: 0 | BF15: 0 | BG15: =G15-H15+I15-J15+K15-L15+M15-N15+O15-P15+Q15-R15+S15-T15+U15-V15+W15-X15+Y15-Z15+AA15-AB15+AC15-AD15+AE15-AF15+AG15-AH15+AI15-AJ15+AK15-AL15+AM15-AN15+AO15-AP15+AQ15-AR15+AS15-AT15+AU15-AV15+AW15-AX15+AY15-AZ15+BA15-+BB15+BC15-BD15+BE15-BF15 -> 0 | BH15: 0 | BI15: =C15*BH15 -> 0 | BJ15: =D15*BH15 -> 0 | BK15: =E15*BH15 -> 0
A16: Cereal | B16: ea | C16: =SUM(G16+I16+K16+M16+O16+Q16+S16+U16+W16+Y16+AA16+AC16+AE16+AG16+AI16+AK16+AM16+AO16+AQ16+AS16+AU16+AW16+AY16+BA16+BC16+BE16) -> 2 | D16: =H16+J16+L16+N16+P16+R16+T16+V16+X16+Z16+AB16+AD16+AF16+AH16+AJ16+AL16+AN16+AP16+AR16+AT16+AV16+AX16+AZ16+BB16+BD16+BF16 -> 2 | E16: =C16-D16 -> 0 | G16: 0 | H16: 0 | I16: 0 | J16: 0 | K16: 0 | L16: 0 | M16: 0 | N16: 0 | O16: 0 | P16: 0 | Q16: 0 | R16: 0 | S16: 0 | T16: 0 | U16: 0 | V16: 0 | W16: 0 | X16: 0 | Y16: 0 | Z16: 0 | AA16: 0 | AB16: 0 | AC16: 0 | AD16: 0 | AE16: 0 | AF16: 0 | AG16: 0 | AH16: 0 | AI16: 2 | AJ16: 0 | AK16: 0 | AL16: 0 | AM16: 0 | AN16: 0 | AO16: 0 | AP16: 0 | AQ16: 0 | AR16: 2 | AS16: 0 | AT16: 0 | AU16: 0 | AV16: 0 | AW16: 0 | AX16: 0 | AY16: 0 | AZ16: 0 | BA16: 0 | BB16: 0 | BC16: 0 | BD16: 0 | BE16: 0 | BF16: 0 | BG16: =G16-H16+I16-J16+K16-L16+M16-N16+O16-P16+Q16-R16+S16-T16+U16-V16+W16-X16+Y16-Z16+AA16-AB16+AC16-AD16+AE16-AF16+AG16-AH16+AI16-AJ16+AK16-AL16+AM16-AN16+AO16-AP16+AQ16-AR16+AS16-AT16+AU16-AV16+AW16-AX16+AY16-AZ16+BA16-+BB16+BC16-BD16+BE16-BF16 -> 0 | BH16: 0 | BI16: =C16*BH16 -> 0 | BJ16: =D16*BH16 -> 0 | BK16: =E16*BH16 -> 0
A17: Dry Whole Milk Lrg | B17: ea | C17: =SUM(G17+I17+K17+M17+O17+Q17+S17+U17+W17+Y17+AA17+AC17+AE17+AG17+AI17+AK17+AM17+AO17+AQ17+AS17+AU17+AW17+AY17+BA17+BC17+BE17) -> 1 | D17: =H17+J17+L17+N17+P17+R17+T17+V17+X17+Z17+AB17+AD17+AF17+AH17+AJ17+AL17+AN17+AP17+AR17+AT17+AV17+AX17+AZ17+BB17+BD17+BF17 -> 1 | E17: =C17-D17 -> 0 | G17: 0 | H17: 0 | I17: 0 | J17: 0 | K17: 0 | L17: 0 | M17: 0 | N17: 0 | O17: 0 | P17: 0 | Q17: 0 | R17: 0 | S17: 0 | T17: 0 | U17: 0 | V17: 0 | W17: 0 | X17: 0 | Y17: 0 | Z17: 0 | AA17: 0 | AB17: 0 | AC17: 0 | AD17: 0 | AE17: 0 | AF17: 0 | AG17: 0 | AH17: 0 | AI17: 1 | AJ17: 0 | AK17: 0 | AL17: 0 | AM17: 0 | AN17: 0 | AO17: 0 | AP17: 0 | AQ17: 0 | AR17: 1 | AS17: 0 | AT17: 0 | AU17: 0 | AV17: 0 | AW17: 0 | AX17: 0 | AY17: 0 | AZ17: 0 | BA17: 0 | BB17: 0 | BC17: 0 | BD17: 0 | BE17: 0 | BF17: 0 | BG17: =G17-H17+I17-J17+K17-L17+M17-N17+O17-P17+Q17-R17+S17-T17+U17-V17+W17-X17+Y17-Z17+AA17-AB17+AC17-AD17+AE17-AF17+AG17-AH17+AI17-AJ17+AK17-AL17+AM17-AN17+AO17-AP17+AQ17-AR17+AS17-AT17+AU17-AV17+AW17-AX17+AY17-AZ17+BA17-+BB17+BC17-BD17+BE17-BF17 -> 0 | BH17: 0 | BI17: =C17*BH17 -> 0 | BJ17: =D17*BH17 -> 0 | BK17: =E17*BH17 -> 0
A18: Malta | B18: ea | C18: =SUM(G18+I18+K18+M18+O18+Q18+S18+U18+W18+Y18+AA18+AC18+AE18+AG18+AI18+AK18+AM18+AO18+AQ18+AS18+AU18+AW18+AY18+BA18+BC18+BE18) -> 3600 | D18: =H18+J18+L18+N18+P18+R18+T18+V18+X18+Z18+AB18+AD18+AF18+AH18+AJ18+AL18+AN18+AP18+AR18+AT18+AV18+AX18+AZ18+BB18+BD18+BF18 -> 0 | E18: =C18-D18 -> 3600 | G18: 0 | H18: 0 | I18: 0 | J18: 0 | K18: 0 | L18: 0 | M18: 0 | N18: 0 | O18: 0 | P18: 0 | Q18: 0 | R18: 0 | S18: 0 | T18: 0 | U18: 0 | V18: 0 | W18: 0 | X18: 0 | Y18: 0 | Z18: 0 | AA18: 0 | AB18: 0 | AC18: 0 | AD18: 0 | AE18: 3600 | AF18: 0 | AG18: 0 | AH18: 0 | AI18: 0 | AJ18: 0 | AK18: 0 | AL18: 0 | AM18: 0 | AN18: 0 | AO18: 0 | AP18: 0 | AQ18: 0 | AR18: 0 | AS18: 0 | AT18: 0 | AU18: 0 | AV18: 0 | AW18: 0 | AX18: 0 | AY18: 0 | AZ18: 0 | BA18: 0 | BB18: 0 | BC18: 0 | BD18: 0 | BE18: 0 | BF18: 0 | BG18: =G18-H18+I18-J18+K18-L18+M18-N18+O18-P18+Q18-R18+S18-T18+U18-V18+W18-X18+Y18-Z18+AA18-AB18+AC18-AD18+AE18-AF18+AG18-AH18+AI18-AJ18+AK18-AL18+AM18-AN18+AO18-AP18+AQ18-AR18+AS18-AT18+AU18-AV18+AW18-AX18+AY18-AZ18+BA18-+BB18+BC18-BD18+BE18-BF18 -> 3600

Sheet Medical Supplies 
A1: Description of Items | B1: Unit | C1: Total Quantity Received | D1: Total Quantity Issued | E1: Quantity in store | F1: Location | G1: 45960 | I1: 45961 | K1: 45962 | M1: 45963 | O1: 45964 | Q1: 45965 | S1: 45966 | U1: 45967 | W1: 45968 | Y1: 45969 | AA1: 45970 | AC1: 45971 | AE1: 45972 | AG1: 45973 | AI1: 45974 | AK1: 45975 | AM1: 45976 | AO1: 45977 | AQ1: 45978 | AS1: 45979 | AU1: 45980 | AW1: 45981 | AY1: 45982 | BA1: 45983 | BC1: 45984 | BE1: 45985 | BG1: Quantity in Store | BH1: Unit Cost | BI1: Total Cost | BJ1: Issued (USD) | BK1: Balance (USD)
G2: Received | H2: Issue | I2: Received | J2: Issue | K2: Received | L2: Issue | M2: Received | N2: Issue | O2: Received | P2: Issue | Q2: Received | R2: Issue | S2: Received | T2: Issue | U2: Received | V2: Issue | W2: Received | X2: Issue | Y2: Received | Z2: Issue | AA2: Received | AB2: Issue | AC2: Received | AD2: Issue | AE2: Received | AF2: Issue | AG2: Received | AH2: Issue | AI2: Received | AJ2: Issue | AK2: Received | AL2: Issue | AM2: Received | AN2: Issue | AO2: Received | AP2: Issue | AQ2: Received | AR2: Issue | AS2: Received | AT2: Issue | AU2: Received | AV2: Issue | AW2: Received | AX2: Issue | AY2: Received | AZ2: Issue | BA2: Received | BB2: Issue | BC2: Received | BD2: Issue | BE2: Received | BF2: Issue
A3: First Aid Kit | B3: ea | C3: =SUM(G3+I3+K3+M3+O3+Q3+S3+U3+W3+Y3+AA3+AC3+AE3+AG3+AI3+AK3+AM3+AO3+AQ3+AS3+AU3+AW3+AY3+BA3+BC3+BE3) -> 88 | D3: =SUM(H3+J3+L3+N3+P3+R3+T3+V3+X3+Z3+AB3+AD3+AF3+AJ3+AH3+AL3+AN3+AP3+AR3+AT3+AV3+AX3+AZ3+BB3+BD3+BF3) -> 88 | E3: =C3-D3 -> 0 | G3: 88 | H3: 0 | I3: 0 | J3: 0 | K3: =I3-J3 -> 0 | L3: 0 | M3: =K3-L3 -> 0 | N3: 0 | O3: =M3-N3 -> 0 | P3: 88 | Q3: 0 | R3: 0 | S3: 0 | T3: 0 | U3: 0 | V3: 0 | W3: 0 | X3: 0 | Y3: 0 | Z3: 0 | AA3: 0 | AB3: 0 | AC3: 0 | AD3: 0 | AE3: 0 | AF3: 0 | AG3: 0 | AH3: 0 | AI3: 0 | AJ3: 0 | AK3: 0 | AL3: 0 | AM3: 0 | AN3: 0 | AO3: 0 | AP3: 0 | AQ3: 0 | AR3: 0 | AS3: 0 | AT3: 0 | AU3: 0 | AV3: 0 | AW3: 0 | AX3: 0 | AY3: 0 | AZ3: 0 | BA3: 0 | BB3: 0 | BC3: 0 | BD3: 0 | BE3: 0 | BF3: 0 | BG3: =G3-H3+I3-J3+K3-L3+M3-N3+O3-P3+Q3-R3+S3-T3+U3-V3+W3-X3+Y3-Z3+AA3-AB3+AC3-AD3+AE3-AF3+AG3-AH3+AI3-AJ3+AK3-AL3+AM3-AN3+AO3-AP3+AQ3-AR3+AS3-AT3+AU3-AV3+AW3-AX3+AY3-AZ3+BA3-BB3+BC3-BD3+BE3-BF3 -> 0 | BH3: 15 | BI3: =C3*BH3 -> 1320 | BJ3: =D3*BH3 -> 1320 | BK3: =E3*BH3 -> 0
A4: Surgeon Caps | B4: ea | C4: =SUM(G4+I4+K4+M4+O4+Q4+S4+U4+W4+Y4+AA4+AC4+AE4+AG4+AI4+AK4+AM4+AO4+AQ4+AS4+AU4+AW4+AY4+BA4+BC4+BE4) -> 5000 | D4: =SUM(H4+J4+L4+N4+P4+R4+T4+V4+X4+Z4+AB4+AD4+AF4+AJ4+AH4+AL4+AN4+AP4+AR4+AT4+AV4+AX4+AZ4+BB4+BD4+BF4) -> 5000 | E4: =C4-D4 -> 0 | G4: 5000 | H4: 0 | I4: 0 | J4: 0 | K4: =I4-J4 -> 0 | L4: 0 | M4: =K4-L4 -> 0 | N4: 0 | O4: =M4-N4 -> 0 | P4: 5000 | Q4: 0 | R4: 0 | S4: 0 | T4: 0 | U4: 0 | V4: 0 | W4: 0 | X4: 0 | Y4: 0 | Z4: 0 | AA4: 0 | AB4: 0 | AC4: 0 | AD4: 0 | AE4: 0 | AF4: 0 | AG4: 0 | AH4: 0 | AI4: 0 | AJ4: 0 | AK4: 0 | AL4: 0 | AM4: 0 | AN4: 0 | AO4: 0 | AP4: 0 | AQ4: 0 | AR4: 0 | AS4: 0 | AT4: 0 | AU4: 0 | AV4: 0 | AW4: 0 | AX4: 0 | AY4: 0 | AZ4: 0 | BA4: 0 | BB4: 0 | BC4: 0 | BD4: 0 | BE4: 0 | BF4: 0 | BG4: =G4-H4+I4-J4+K4-L4+M4-N4+O4-P4+Q4-R4+S4-T4+U4-V4+W4-X4+Y4-Z4+AA4-AB4+AC4-AD4+AE4-AF4+AG4-AH4+AI4-AJ4+AK4-AL4+AM4-AN4+AO4-AP4+AQ4-AR4+AS4-AT4+AU4-AV4+AW4-AX4+AY4-AZ4+BA4-BB4+BC4-BD4+BE4-BF4 -> 0 | BH4: 0.02 | BI4: =C4*BH4 -> 100 | BJ4: =D4*BH4 -> 100 | BK4: =E4*BH4 -> 0
A5: Vanish Point Syringe | B5: ea | C5: =SUM(G5+I5+K5+M5+O5+Q5+S5+U5+W5+Y5+AA5+AC5+AE5+AG5+AI5+AK5+AM5+AO5+AQ5+AS5+AU5+AW5+AY5+BA5+BC5+BE5) -> 300 | D5: =SUM(H5+J5+L5+N5+P5+R5+T5+V5+X5+Z5+AB5+AD5+AF5+AJ5+AH5+AL5+AN5+AP5+AR5+AT5+AV5+AX5+AZ5+BB5+BD5+BF5) -> 300 | E5: =C5-D5 -> 0 | G5: 300 | H5: 0 | I5: 0 | J5: 0 | K5: =I5-J5 -> 0 | L5: 0 | M5: =K5-L5 -> 0 | N5: 0 | O5: =M5-N5 -> 0 | P5: 300 | Q5: 0 | R5: 0 | S5: 0 | T5: 0 | U5: 0 | V5: 0 | W5: 0 | X5: 0 | Y5: 0 | Z5: 0 | AA5: 0 | AB5: 0 | AC5: 0 | AD5: 0 | AE5: 0 | AF5: 0 | AG5: 0 | AH5: 0 | AI5: 0 | AJ5: 0 | AK5: 0 | AL5: 0 | AM5: 0 | AN5: 0 | AO5: 0 | AP5: 0 | AQ5: 0 | AR5: 0 | AS5: 0 | AT5: 0 | AU5: 0 | AV5: 0 | AW5: 0 | AX5: 0 | AY5: 0 | AZ5: 0 | BA5: 0 | BB5: 0 | BC5: 0 | BD5: 0 | BE5: 0 | BF5: 0 | BG5: =G5-H5+I5-J5+K5-L5+M5-N5+O5-P5+Q5-R5+S5-T5+U5-V5+W5-X5+Y5-Z5+AA5-AB5+AC5-AD5+AE5-AF5+AG5-AH5+AI5-AJ5+AK5-AL5+AM5-AN5+AO5-AP5+AQ5-AR5+AS5-AT5+AU5-AV5+AW5-AX5+AY5-AZ5+BA5-BB5+BC5-BD5+BE5-BF5 -> 0 | BH5: 2 | BI5: =C5*BH5 -> 600 | BJ5: =D5*BH5 -> 600 | BK5: =E5*BH5 -> 0
A6: N95 Masks | B6: ea | C6: =SUM(G6+I6+K6+M6+O6+Q6+S6+U6+W6+Y6+AA6+AC6+AE6+AG6+AI6+AK6+AM6+AO6+AQ6+AS6+AU6+AW6+AY6+BA6+BC6+BE6) -> 4478 | D6: =SUM(H6+J6+L6+N6+P6+R6+T6+V6+X6+Z6+AB6+AD6+AF6+AJ6+AH6+AL6+AN6+AP6+AR6+AT6+AV6+AX6+AZ6+BB6+BD6+BF6) -> 3228 | E6: =C6-D6 -> 1250 | F6: MG | G6: 3228 | H6: 0 | I6: 0 | J6: 0 | K6: 500 | L6: 0 | M6: 0 | N6: 0 | O6: 0 | P6: 3228 | Q6: 0 | R6: 0 | S6: 0 | T6: 0 | U6: 750 | V6: 0 | W6: 0 | X6: 0 | Y6: 0 | Z6: 0 | AA6: 0 | AB6: 0 | AC6: 0 | AD6: 0 | AE6: 0 | AF6: 0 | AG6: 0 | AH6: 0 | AI6: 0 | AJ6: 0 | AK6: 0 | AL6: 0 | AM6: 0 | AN6: 0 | AO6: 0 | AP6: 0 | AQ6: 0 | AR6: 0 | AS6: 0 | AT6: 0 | AU6: 0 | AV6: 0 | AW6: 0 | AX6: 0 | AY6: 0 | AZ6: 0 | BA6: 0 | BB6: 0 | BC6: 0 | BD6: 0 | BE6: 0 | BF6: 0 | BG6: =G6-H6+I6-J6+K6-L6+M6-N6+O6-P6+Q6-R6+S6-T6+U6-V6+W6-X6+Y6-Z6+AA6-AB6+AC6-AD6+AE6-AF6+AG6-AH6+AI6-AJ6+AK6-AL6+AM6-AN6+AO6-AP6+AQ6-AR6+AS6-AT6+AU6-AV6+AW6-AX6+AY6-AZ6+BA6-BB6+BC6-BD6+BE6-BF6 -> 1250 | BH6: 0.02 | BI6: =C6*BH6 -> 89.56 | BJ6: =D6*BH6 -> 64.56 | BK6: =E6*BH6 -> 25
A7: Surgical Gowns | B7: ea | C7: =SUM(G7+I7+K7+M7+O7+Q7+S7+U7+W7+Y7+AA7+AC7+AE7+AG7+AI7+AK7+AM7+AO7+AQ7+AS7+AU7+AW7+AY7+BA7+BC7+BE7) -> 1550 | D7: =SUM(H7+J7+L7+N7+P7+R7+T7+V7+X7+Z7+AB7+AD7+AF7+AJ7+AH7+AL7+AN7+AP7+AR7+AT7+AV7+AX7+AZ7+BB7+BD7+BF7) -> 1550 | E7: =C7-D7 -> 0 | G7: 1550 | H7: 0 | I7: 0 | J7: 0 | K7: =I7-J7 -> 0 | L7: 0 | M7: =K7-L7 -> 0 | N7: 0 | O7: =M7-N7 -> 0 | P7: 1550 | Q7: 0 | R7: 0 | S7: 0 | T7: 0 | U7: 0 | V7: 0 | W7: 0 | X7: 0 | Y7: 0 | Z7: 0 | AA7: 0 | AB7: 0 | AC7: 0 | AD7: 0 | AE7: 0 | AF7: 0 | AG7: 0 | AH7: 0 | AI7: 0 | AJ7: 0 | AK7: 0 | AL7: 0 | AM7: 0 | AN7: 0 | AO7: 0 | AP7: 0 | AQ7: 0 | AR7: 0 | AS7: 0 | AT7: 0 | AU7: 0 | AV7: 0 | AW7: 0 | AX7: 0 | AY7: 0 | AZ7: 0 | BA7: 0 | BB7: 0 | BC7: 0 | BD7: 0 | BE7: 0 | BF7: 0 | BG7: =G7-H7+I7-J7+K7-L7+M7-N7+O7-P7+Q7-R7+S7-T7+U7-V7+W7-X7+Y7-Z7+AA7-AB7+AC7-AD7+AE7-AF7+AG7-AH7+AI7-AJ7+AK7-AL7+AM7-AN7+AO7-AP7+AQ7-AR7+AS7-AT7+AU7-AV7+AW7-AX7+AY7-AZ7+BA7-BB7+BC7-BD7+BE7-BF7 -> 0 | BH7: 0.05 | BI7: =C7*BH7 -> 77.5 | BJ7: =D7*BH7 -> 77.5 | BK7: =E7*BH7 -> 0
A8: Specimen Containers | B8: ea | C8: =SUM(G8+I8+K8+M8+O8+Q8+S8+U8+W8+Y8+AA8+AC8+AE8+AG8+AI8+AK8+AM8+AO8+AQ8+AS8+AU8+AW8+AY8+BA8+BC8+BE8) -> 4800 | D8: =SUM(H8+J8+L8+N8+P8+R8+T8+V8+X8+Z8+AB8+AD8+AF8+AJ8+AH8+AL8+AN8+AP8+AR8+AT8+AV8+AX8+AZ8+BB8+BD8+BF8) -> 4800 | E8: =C8-D8 -> 0 | G8: 4800 | H8: 0 | I8: 0 | J8: 0 | K8: =I8-J8 -> 0 | L8: 0 | M8: =K8-L8 -> 0 | N8: 0 | O8: =M8-N8 -> 0 | P8: 4800 | Q8: 0 | R8: 0 | S8: 0 | T8: 0 | U8: 0 | V8: 0 | W8: 0 | X8: 0 | Y8: 0 | Z8: 0 | AA8: 0 | AB8: 0 | AC8: 0 | AD8: 0 | AE8: 0 | AF8: 0 | AG8: 0 | AH8: 0 | AI8: 0 | AJ8: 0 | AK8: 0 | AL8: 0 | AM8: 0 | AN8: 0 | AO8: 0 | AP8: 0 | AQ8: 0 | AR8: 0 | AS8: 0 | AT8: 0 | AU8: 0 | AV8: 0 | AW8: 0 | AX8: 0 | AY8: 0 | AZ8: 0 | BA8: 0 | BB8: 0 | BC8: 0 | BD8: 0 | BE8: 0 | BF8: 0 | BG8: =G8-H8+I8-J8+K8-L8+M8-N8+O8-P8+Q8-R8+S8-T8+U8-V8+W8-X8+Y8-Z8+AA8-AB8+AC8-AD8+AE8-AF8+AG8-AH8+AI8-AJ8+AK8-AL8+AM8-AN8+AO8-AP8+AQ8-AR8+AS8-AT8+AU8-AV8+AW8-AX8+AY8-AZ8+BA8-BB8+BC8-BD8+BE8-BF8 -> 0 | BH8: 0.5 | BI8: =C8*BH8 -> 2400 | BJ8: =D8*BH8 -> 2400 | BK8: =E8*BH8 -> 0
A9: Insulin Syringes | B9: ea | C9: =SUM(G9+I9+K9+M9+O9+Q9+S9+U9+W9+Y9+AA9+AC9+AE9+AG9+AI9+AK9+AM9+AO9+AQ9+AS9+AU9+AW9+AY9+BA9+BC9+BE9) -> 4000 | D9: =SUM(H9+J9+L9+N9+P9+R9+T9+V9+X9+Z9+AB9+AD9+AF9+AJ9+AH9+AL9+AN9+AP9+AR9+AT9+AV9+AX9+AZ9+BB9+BD9+BF9) -> 4000 | E9: =C9-D9 -> 0 | G9: 4000 | H9: 0 | I9: 0 | J9: 0 | K9: =I9-J9 -> 0 | L9: 0 | M9: =K9-L9 -> 0 | N9: 0 | O9: =M9-N9 -> 0 | P9: 4000 | Q9: 0 | R9: 0 | S9: 0 | T9: 0 | U9: 0 | V9: 0 | W9: 0 | X9: 0 | Y9: 0 | Z9: 0 | AA9: 0 | AB9: 0 | AC9: 0 | AD9: 0 | AE9: 0 | AF9: 0 | AG9: 0 | AH9: 0 | AI9: 0 | AJ9: 0 | AK9: 0 | AL9: 0 | AM9: 0 | AN9: 0 | AO9: 0 | AP9: 0 | AQ9: 0 | AR9: 0 | AS9: 0 | AT9: 0 | AU9: 0 | AV9: 0 | AW9: 0 | AX9: 0 | AY9: 0 | AZ9: 0 | BA9: 0 | BB9: 0 | BC9: 0 | BD9: 0 | BE9: 0 | BF9: 0 | BG9: =G9-H9+I9-J9+K9-L9+M9-N9+O9-P9+Q9-R9+S9-T9+U9-V9+W9-X9+Y9-Z9+AA9-AB9+AC9-AD9+AE9-AF9+AG9-AH9+AI9-AJ9+AK9-AL9+AM9-AN9+AO9-AP9+AQ9-AR9+AS9-AT9+AU9-AV9+AW9-AX9+AY9-AZ9+BA9-BB9+BC9-BD9+BE9-BF9 -> 0 | BH9: 0.75 | BI9: =C9*BH9 -> 3000 | BJ9: =D9*BH9 -> 3000 | BK9: =E9*BH9 -> 0
A10: Gauze Roll | B10: ea | C10: =SUM(G10+I10+K10+M10+O10+Q10+S10+U10+W10+Y10+AA10+AC10+AE10+AG10+AI10+AK10+AM10+AO10+AQ10+AS10+AU10+AW10+AY10+BA10+BC10+BE10) -> 42 | D10: =SUM(H10+J10+L10+N10+P10+R10+T10+V10+X10+Z10+AB10+AD10+AF10+AJ10+AH10+AL10+AN10+AP10+AR10+AT10+AV10+AX10+AZ10+BB10+BD10+BF10) -> 12 | E10: =C10-D10 -> 30 | F10: MG | G10: 12 | H10: 0 | I10: 0 | J10: 0 | K10: =I10-J10 -> 0 | L10: 0 | M10: =K10-L10 -> 0 | N10: 0 | O10: =M10-N10 -> 0 | P10: 12 | Q10: 0 | R10: 0 | S10: 30 | T10: 0 | U10: 0 | V10: 0 | W10: 0 | X10: 0 | Y10: 0 | Z10: 0 | AA10: 0 | AB10: 0 | AC10: 0 | AD10: 0 | AE10: 0 | AF10: 0 | AG10: 0 | AH10: 0 | AI10: 0 | AJ10: 0 | AK10: 0 | AL10: 0 | AM10: 0 | AN10: 0 | AO10: 0 | AP10: 0 | AQ10: 0 | AR10: 0 | AS10: 0 | AT10: 0 | AU10: 0 | AV10: 0 | AW10: 0 | AX10: 0 | AY10: 0 | AZ10: 0 | BA10: 0 | BB10: 0 | BC10: 0 | BD10: 0 | BE10: 0 | BF10: 0 | BG10: =G10-H10+I10-J10+K10-L10+M10-N10+O10-P10+Q10-R10+S10-T10+U10-V10+W10-X10+Y10-Z10+AA10-AB10+AC10-AD10+AE10-AF10+AG10-AH10+AI10-AJ10+AK10-AL10+AM10-AN10+AO10-AP10+AQ10-AR10+AS10-AT10+AU10-AV10+AW10-AX10+AY10-AZ10+BA10-BB10+BC10-BD10+BE10-BF10 -> 30 | BH10: 3 | BI10: =C10*BH10 -> 126 | BJ10: =D10*BH10 -> 36 | BK10: =E10*BH10 -> 90
A11: Electrosurgical Pads | B11: ea | C11: =SUM(G11+I11+K11+M11+O11+Q11+S11+U11+W11+Y11+AA11+AC11+AE11+AG11+AI11+AK11+AM11+AO11+AQ11+AS11+AU11+AW11+AY11+BA11+BC11+BE11) -> 5000 | D11: =SUM(H11+J11+L11+N11+P11+R11+T11+V11+X11+Z11+AB11+AD11+AF11+AJ11+AH11+AL11+AN11+AP11+AR11+AT11+AV11+AX11+AZ11+BB11+BD11+BF11) -> 5000 | E11: =C11-D11 -> 0 | G11: 5000 | H11: 0 | I11: 0 | J11: 0 | K11: =I11-J11 -> 0 | L11: 0 | M11: =K11-L11 -> 0 | N11: 0 | O11: =M11-N11 -> 0 | P11: 5000 | Q11: 0 | R11: 0 | S11: 0 | T11: 0 | U11: 0 | V11: 0 | W11: 0 | X11: 0 | Y11: 0 | Z11: 0 | AA11: 0 | AB11: 0 | AC11: 0 | AD11: 0 | AE11: 0 | AF11: 0 | AG11: 0 | AH11: 0 | AI11: 0 | AJ11: 0 | AK11: 0 | AL11: 0 | AM11: 0 | AN11: 0 | AO11: 0 | AP11: 0 | AQ11: 0 | AR11: 0 | AS11: 0 | AT11: 0 | AU11: 0 | AV11: 0 | AW11: 0 | AX11: 0 | AY11: 0 | AZ11: 0 | BA11: 0 | BB11: 0 | BC11: 0 | BD11: 0 | BE11: 0 | BF11: 0 | BG11: =G11-H11+I11-J11+K11-L11+M11-N11+O11-P11+Q11-R11+S11-T11+U11-V11+W11-X11+Y11-Z11+AA11-AB11+AC11-AD11+AE11-AF11+AG11-AH11+AI11-AJ11+AK11-AL11+AM11-AN11+AO11-AP11+AQ11-AR11+AS11-AT11+AU11-AV11+AW11-AX11+AY11-AZ11+BA11-BB11+BC11-BD11+BE11-BF11 -> 0 | BH11: 1 | BI11: =C11*BH11 -> 5000 | BJ11: =D11*BH11 -> 5000 | BK11: =E11*BH11 -> 0
A12: Gauze Bandage | B12: ea | C12: =SUM(G12+I12+K12+M12+O12+Q12+S12+U12+W12+Y12+AA12+AC12+AE12+AG12+AI12+AK12+AM12+AO12+AQ12+AS12+AU12+AW12+AY12+BA12+BC12+BE12) -> 1440 | D12: =SUM(H12+J12+L12+N12+P12+R12+T12+V12+X12+Z12+AB12+AD12+AF12+AJ12+AH12+AL12+AN12+AP12+AR12+AT12+AV12+AX12+AZ12+BB12+BD12+BF12) -> 1440 | E12: =C12-D12 -> 0 | G12: 1440 | H12: 0 | I12: 0 | J12: 0 | K12: =I12-J12 -> 0 | L12: 0 | M12: =K12-L12 -> 0 | N12: 0 | O12: =M12-N12 -> 0 | P12: 1440 | Q12: 0 | R12: 0 | S12: 0 | T12: 0 | U12: 0 | V12: 0 | W12: 0 | X12: 0 | Y12: 0 | Z12: 0 | AA12: 0 | AB12: 0 | AC12: 0 | AD12: 0 | AE12: 0 | AF12: 0 | AG12: 0 | AH12: 0 | AI12: 0 | AJ12: 0 | AK12: 0 | AL12: 0 | AM12: 0 | AN12: 0 | AO12: 0 | AP12: 0 | AQ12: 0 | AR12: 0 | AS12: 0 | AT12: 0 | AU12: 0 | AV12: 0 | AW12: 0 | AX12: 0 | AY12: 0 | AZ12: 0 | BA12: 0 | BB12: 0 | BC12: 0 | BD12: 0 | BE12: 0 | BF12: 0 | BG12: =G12-H12+I12-J12+K12-L12+M12-N12+O12-P12+Q12-R12+S12-T12+U12-V12+W12-X12+Y12-Z12+AA12-AB12+AC12-AD12+AE12-AF12+AG12-AH12+AI12-AJ12+AK12-AL12+AM12-AN12+AO12-AP12+AQ12-AR12+AS12-AT12+AU12-AV12+AW12-AX12+AY12-AZ12+BA12-BB12+BC12-BD12+BE12-BF12 -> 0 | BH12: 1 | BI12: =C12*BH12 -> 1440 | BJ12: =D12*BH12 -> 1440 | BK12: =E12*BH12 -> 0
A13: Oxygen Supply Tubing | B13: ea | C13: =SUM(G13+I13+K13+M13+O13+Q13+S13+U13+W13+Y13+AA13+AC13+AE13+AG13+AI13+AK13+AM13+AO13+AQ13+AS13+AU13+AW13+AY13+BA13+BC13+BE13) -> 500 | D13: =SUM(H13+J13+L13+N13+P13+R13+T13+V13+X13+Z13+AB13+AD13+AF13+AJ13+AH13+AL13+AN13+AP13+AR13+AT13+AV13+AX13+AZ13+BB13+BD13+BF13) -> 500 | E13: =C13-D13 -> 0 | G13: 500 | H13: 0 | I13: 0 | J13: 0 | K13: =I13-J13 -> 0 | L13: 0 | M13: =K13-L13 -> 0 | N13: 0 | O13: =M13-N13 -> 0 | P13: 500 | Q13: 0 | R13: 0 | S13: 0 | T13: 0 | U13: 0 | V13: 0 | W13: 0 | X13: 0 | Y13: 0 | Z13: 0 | AA13: 0 | AB13: 0 | AC13: 0 | AD13: 0 | AE13: 0 | AF13: 0 | AG13: 0 | AH13: 0 | AI13: 0 | AJ13: 0 | AK13: 0 | AL13: 0 | AM13: 0 | AN13: 0 | AO13: 0 | AP13: 0 | AQ13: 0 | AR13: 0 | AS13: 0 | AT13: 0 | AU13: 0 | AV13: 0 | AW13: 0 | AX13: 0 | AY13: 0 | AZ13: 0 | BA13: 0 | BB13: 0 | BC13: 0 | BD13: 0 | BE13: 0 | BF13: 0 | BG13: =G13-H13+I13-J13+K13-L13+M13-N13+O13-P13+Q13-R13+S13-T13+U13-V13+W13-X13+Y13-Z13+AA13-AB13+AC13-AD13+AE13-AF13+AG13-AH13+AI13-AJ13+AK13-AL13+AM13-AN13+AO13-AP13+AQ13-AR13+AS13-AT13+AU13-AV13+AW13-AX13+AY13-AZ13+BA13-BB13+BC13-BD13+BE13-BF13 -> 0 | BH13: 6 | BI13: =C13*BH13 -> 3000 | BJ13: =D13*BH13 -> 3000 | BK13: =E13*BH13 -> 0
A14: Blood Sets | B14: ea | C14: =SUM(G14+I14+K14+M14+O14+Q14+S14+U14+W14+Y14+AA14+AC14+AE14+AG14+AI14+AK14+AM14+AO14+AQ14+AS14+AU14+AW14+AY14+BA14+BC14+BE14) -> 1088 | D14: =SUM(H14+J14+L14+N14+P14+R14+T14+V14+X14+Z14+AB14+AD14+AF14+AJ14+AH14+AL14+AN14+AP14+AR14+AT14+AV14+AX14+AZ14+BB14+BD14+BF14) -> 1088 | E14: =C14-D14 -> 0 | G14: 1088 | H14: 0 | I14: 0 | J14: 0 | K14: =I14-J14 -> 0 | L14: 0 | M14: =K14-L14 -> 0 | N14: 0 | O14: =M14-N14 -> 0 | P14: 1088 | Q14: 0 | R14: 0 | S14: 0 | T14: 0 | U14: 0 | V14: 0 | W14: 0 | X14: 0 | Y14: 0 | Z14: 0 | AA14: 0 | AB14: 0 | AC14: 0 | AD14: 0 | AE14: 0 | AF14: 0 | AG14: 0 | AH14: 0 | AI14: 0 | AJ14: 0 | AK14: 0 | AL14: 0 | AM14: 0 | AN14: 0 | AO14: 0 | AP14: 0 | AQ14: 0 | AR14: 0 | AS14: 0 | AT14: 0 | AU14: 0 | AV14: 0 | AW14: 0 | AX14: 0 | AY14: 0 | AZ14: 0 | BA14: 0 | BB14: 0 | BC14: 0 | BD14: 0 | BE14: 0 | BF14: 0 | BG14: =G14-H14+I14-J14+K14-L14+M14-N14+O14-P14+Q14-R14+S14-T14+U14-V14+W14-X14+Y14-Z14+AA14-AB14+AC14-AD14+AE14-AF14+AG14-AH14+AI14-AJ14+AK14-AL14+AM14-AN14+AO14-AP14+AQ14-AR14+AS14-AT14+AU14-AV14+AW14-AX14+AY14-AZ14+BA14-BB14+BC14-BD14+BE14-BF14 -> 0 | BH14: 30 | BI14: =C14*BH14 -> 32640 | BJ14: =D14*BH14 -> 32640 | BK14: =E14*BH14 -> 0
A15: Tourniquets | B15: ea | C15: =SUM(G15+I15+K15+M15+O15+Q15+S15+U15+W15+Y15+AA15+AC15+AE15+AG15+AI15+AK15+AM15+AO15+AQ15+AS15+AU15+AW15+AY15+BA15+BC15+BE15) -> 25000 | D15: =SUM(H15+J15+L15+N15+P15+R15+T15+V15+X15+Z15+AB15+AD15+AF15+AJ15+AH15+AL15+AN15+AP15+AR15+AT15+AV15+AX15+AZ15+BB15+BD15+BF15) -> 25000 | E15: =C15-D15 -> 0 | G15: 25000 | H15: 0 | I15: 0 | J15: 0 | K15: =I15-J15 -> 0 | L15: 0 | M15: =K15-L15 -> 0 | N15: 0 | O15: =M15-N15 -> 0 | P15: 25000 | Q15: 0 | R15: 0 | S15: 0 | T15: 0 | U15: 0 | V15: 0 | W15: 0 | X15: 0 | Y15: 0 | Z15: 0 | AA15: 0 | AB15: 0 | AC15: 0 | AD15: 0 | AE15: 0 | AF15: 0 | AG15: 0 | AH15: 0 | AI15: 0 | AJ15: 0 | AK15: 0 | AL15: 0 | AM15: 0 | AN15: 0 | AO15: 0 | AP15: 0 | AQ15: 0 | AR15: 0 | AS15: 0 | AT15: 0 | AU15: 0 | AV15: 0 | AW15: 0 | AX15: 0 | AY15: 0 | AZ15: 0 | BA15: 0 | BB15: 0 | BC15: 0 | BD15: 0 | BE15: 0 | BF15: 0 | BG15: =G15-H15+I15-J15+K15-L15+M15-N15+O15-P15+Q15-R15+S15-T15+U15-V15+W15-X15+Y15-Z15+AA15-AB15+AC15-AD15+AE15-AF15+AG15-AH15+AI15-AJ15+AK15-AL15+AM15-AN15+AO15-AP15+AQ15-AR15+AS15-AT15+AU15-AV15+AW15-AX15+AY15-AZ15+BA15-BB15+BC15-BD15+BE15-BF15 -> 0 | BH15: 0.36 | BI15: =C15*BH15 -> 9000 | BJ15: =D15*BH15 -> 9000 | BK15: =E15*BH15 -> 0
A16: Nebulizer | B16: ea | C16: =SUM(G16+I16+K16+M16+O16+Q16+S16+U16+W16+Y16+AA16+AC16+AE16+AG16+AI16+AK16+AM16+AO16+AQ16+AS16+AU16+AW16+AY16+BA16+BC16+BE16) -> 100 | D16: =SUM(H16+J16+L16+N16+P16+R16+T16+V16+X16+Z16+AB16+AD16+AF16+AJ16+AH16+AL16+AN16+AP16+AR16+AT16+AV16+AX16+AZ16+BB16+BD16+BF16) -> 100 | E16: =C16-D16 -> 0 | G16: 100 | H16: 0 | I16: 0 | J16: 0 | K16: =I16-J16 -> 0 | L16: 0 | M16: =K16-L16 -> 0 | N16: 0 | O16: =M16-N16 -> 0 | P16: 100 | Q16: 0 | R16: 0 | S16: 0 | T16: 0 | U16: 0 | V16: 0 | W16: 0 | X16: 0 | Y16: 0 | Z16: 0 | AA16: 0 | AB16: 0 | AC16: 0 | AD16: 0 | AE16: 0 | AF16: 0 | AG16: 0 | AH16: 0 | AI16: 0 | AJ16: 0 | AK16: 0 | AL16: 0 | AM16: 0 | AN16: 0 | AO16: 0 | AP16: 0 | AQ16: 0 | AR16: 0 | AS16: 0 | AT16: 0 | AU16: 0 | AV16: 0 | AW16: 0 | AX16: 0 | AY16: 0 | AZ16: 0 | BA16: 0 | BB16: 0 | BC16: 0 | BD16: 0 | BE16: 0 | BF16: 0 | BG16: =G16-H16+I16-J16+K16-L16+M16-N16+O16-P16+Q16-R16+S16-T16+U16-V16+W16-X16+Y16-Z16+AA16-AB16+AC16-AD16+AE16-AF16+AG16-AH16+AI16-AJ16+AK16-AL16+AM16-AN16+AO16-AP16+AQ16-AR16+AS16-AT16+AU16-AV16+AW16-AX16+AY16-AZ16+BA16-BB16+BC16-BD16+BE16-BF16 -> 0 | BH16: 40 | BI16: =C16*BH16 -> 4000 | BJ16: =D16*BH16 -> 4000 | BK16: =E16*BH16 -> 0
A17: Aerosol Elongated Mask | B17: ea | C17: =SUM(G17+I17+K17+M17+O17+Q17+S17+U17+W17+Y17+AA17+AC17+AE17+AG17+AI17+AK17+AM17+AO17+AQ17+AS17+AU17+AW17+AY17+BA17+BC17+BE17) -> 300 | D17: =SUM(H17+J17+L17+N17+P17+R17+T17+V17+X17+Z17+AB17+AD17+AF17+AJ17+AH17+AL17+AN17+AP17+AR17+AT17+AV17+AX17+AZ17+BB17+BD17+BF17) -> 300 | E17: =C17-D17 -> 0 | G17: 300 | H17: 0 | I17: 0 | J17: 0 | K17: =I17-J17 -> 0 | L17: 0 | M17: =K17-L17 -> 0 | N17: 0 | O17: =M17-N17 -> 0 | P17: 300 | Q17: 0 | R17: 0 | S17: 0 | T17: 0 | U17: 0 | V17: 0 | W17: 0 | X17: 0 | Y17: 0 | Z17: 0 | AA17: 0 | AB17: 0 | AC17: 0 | AD17: 0 | AE17: 0 | AF17: 0 | AG17: 0 | AH17: 0 | AI17: 0 | AJ17: 0 | AK17: 0 | AL17: 0 | AM17: 0 | AN17: 0 | AO17: 0 | AP17: 0 | AQ17: 0 | AR17: 0 | AS17: 0 | AT17: 0 | AU17: 0 | AV17: 0 | AW17: 0 | AX17: 0 | AY17: 0 | AZ17: 0 | BA17: 0 | BB17: 0 | BC17: 0 | BD17: 0 | BE17: 0 | BF17: 0 | BG17: =G17-H17+I17-J17+K17-L17+M17-N17+O17-P17+Q17-R17+S17-T17+U17-V17+W17-X17+Y17-Z17+AA17-AB17+AC17-AD17+AE17-AF17+AG17-AH17+AI17-AJ17+AK17-AL17+AM17-AN17+AO17-AP17+AQ17-AR17+AS17-AT17+AU17-AV17+AW17-AX17+AY17-AZ17+BA17-BB17+BC17-BD17+BE17-BF17 -> 0 | BH17: 9 | BI17: =C17*BH17 -> 2700 | BJ17: =D17*BH17 -> 2700 | BK17: =E17*BH17 -> 0
A18: Disposable Bed Sheet | B18: ea | C18: =SUM(G18+I18+K18+M18+O18+Q18+S18+U18+W18+Y18+AA18+AC18+AE18+AG18+AI18+AK18+AM18+AO18+AQ18+AS18+AU18+AW18+AY18+BA18+BC18+BE18) -> 6000 | D18: =SUM(H18+J18+L18+N18+P18+R18+T18+V18+X18+Z18+AB18+AD18+AF18+AJ18+AH18+AL18+AN18+AP18+AR18+AT18+AV18+AX18+AZ18+BB18+BD18+BF18) -> 6000 | E18: =C18-D18 -> 0 | G18: 6000 | H18: 0 | I18: 0 | J18: 0 | K18: =I18-J18 -> 0 | L18: 0 | M18: =K18-L18 -> 0 | N18: 0 | O18: =M18-N18 -> 0 | P18: 6000 | Q18: 0 | R18: 0 | S18: 0 | T18: 0 | U18: 0 | V18: 0 | W18: 0 | X18: 0 | Y18: 0 | Z18: 0 | AA18: 0 | AB18: 0 | AC18: 0 | AD18: 0 | AE18: 0 | AF18: 0 | AG18: 0 | AH18: 0 | AI18: 0 | AJ18: 0 | AK18: 0 | AL18: 0 | AM18: 0 | AN18: 0 | AO18: 0 | AP18: 0 | AQ18: 0 | AR18: 0 | AS18: 0 | AT18: 0 | AU18: 0 | AV18: 0 | AW18: 0 | AX18: 0 | AY18: 0 | AZ18: 0 | BA18: 0 | BB18: 0 | BC18: 0 | BD18: 0 | BE18: 0 | BF18: 0 | BG18: =G18-H18+I18-J18+K18-L18+M18-N18+O18-P18+Q18-R18+S18-T18+U18-V18+W18-X18+Y18-Z18+AA18-AB18+AC18-AD18+AE18-AF18+AG18-AH18+AI18-AJ18+AK18-AL18+AM18-AN18+AO18-AP18+AQ18-AR18+AS18-AT18+AU18-AV18+AW18-AX18+AY18-AZ18+BA18-BB18+BC18-BD18+BE18-BF18 -> 0 | BH18: 1.5 | BI18: =C18*BH18 -> 9000 | BJ18: =D18*BH18 -> 9000 | BK18: =E18*BH18 -> 0
A19: Medical Box(Assorted items ) | B19: ea | C19: =SUM(G19+I19+K19+M19+O19+Q19+S19+U19+W19+Y19+AA19+AC19+AE19+AG19+AI19+AK19+AM19+AO19+AQ19+AS19+AU19+AW19+AY19+BA19+BC19+BE19) -> 30 | D19: =SUM(H19+J19+L19+N19+P19+R19+T19+V19+X19+Z19+AB19+AD19+AF19+AJ19+AH19+AL19+AN19+AP19+AR19+AT19+AV19+AX19+AZ19+BB19+BD19+BF19) -> 30 | E19: =C19-D19 -> 0 | G19: 30 | H19: 0 | I19: 0 | J19: 0 | K19: =I19-J19 -> 0 | L19: 0 | M19: =K19-L19 -> 0 | N19: 0 | O19: =M19-N19 -> 0 | P19: 30 | Q19: 0 | R19: 0 | S19: 0 | T19: 0 | U19: 0 | V19: 0 | W19: 0 | X19: 0 | Y19: 0 | Z19: 0 | AA19: 0 | AB19: 0 | AC19: 0 | AD19: 0 | AE19: 0 | AF19: 0 | AG19: 0 | AH19: 0 | AI19: 0 | AJ19: 0 | AK19: 0 | AL19: 0 | AM19: 0 | AN19: 0 | AO19: 0 | AP19: 0 | AQ19: 0 | AR19: 0 | AS19: 0 | AT19: 0 | AU19: 0 | AV19: 0 | AW19: 0 | AX19: 0 | AY19: 0 | AZ19: 0 | BA19: 0 | BB19: 0 | BC19: 0 | BD19: 0 | BE19: 0 | BF19: 0 | BG19: =G19-H19+I19-J19+K19-L19+M19-N19+O19-P19+Q19-R19+S19-T19+U19-V19+W19-X19+Y19-Z19+AA19-AB19+AC19-AD19+AE19-AF19+AG19-AH19+AI19-AJ19+AK19-AL19+AM19-AN19+AO19-AP19+AQ19-AR19+AS19-AT19+AU19-AV19+AW19-AX19+AY19-AZ19+BA19-BB19+BC19-BD19+BE19-BF19 -> 0 | BH19: 30 | BI19: =C19*BH19 -> 900 | BJ19: =D19*BH19 -> 900 | BK19: =E19*BH19 -> 0
A20: Wash Basin | B20: ea | C20: =SUM(G20+I20+K20+M20+O20+Q20+S20+U20+W20+Y20+AA20+AC20+AE20+AG20+AI20+AK20+AM20+AO20+AQ20+AS20+AU20+AW20+AY20+BA20+BC20+BE20) -> 600 | D20: =SUM(H20+J20+L20+N20+P20+R20+T20+V20+X20+Z20+AB20+AD20+AF20+AJ20+AH20+AL20+AN20+AP20+AR20+AT20+AV20+AX20+AZ20+BB20+BD20+BF20) -> 600 | E20: =C20-D20 -> 0 | G20: 600 | H20: 0 | I20: 0 | J20: 0 | K20: =I20-J20 -> 0 | L20: 0 | M20: =K20-L20 -> 0 | N20: 0 | O20: =M20-N20 -> 0 | P20: 600 | Q20: 0 | R20: 0 | S20: 0 | T20: 0 | U20: 0 | V20: 0 | W20: 0 | X20: 0 | Y20: 0 | Z20: 0 | AA20: 0 | AB20: 0 | AC20: 0 | AD20: 0 | AE20: 0 | AF20: 0 | AG20: 0 | AH20: 0 | AI20: 0 | AJ20: 0 | AK20: 0 | AL20: 0 | AM20: 0 | AN20: 0 | AO20: 0 | AP20: 0 | AQ20: 0 | AR20: 0 | AS20: 0 | AT20: 0 | AU20: 0 | AV20: 0 | AW20: 0 | AX20: 0 | AY20: 0 | AZ20: 0 | BA20: 0 | BB20: 0 | BC20: 0 | BD20: 0 | BE20: 0 | BF20: 0 | BG20: =G20-H20+I20-J20+K20-L20+M20-N20+O20-P20+Q20-R20+S20-T20+U20-V20+W20-X20+Y20-Z20+AA20-AB20+AC20-AD20+AE20-AF20+AG20-AH20+AI20-AJ20+AK20-AL20+AM20-AN20+AO20-AP20+AQ20-AR20+AS20-AT20+AU20-AV20+AW20-AX20+AY20-AZ20+BA20-BB20+BC20-BD20+BE20-BF20 -> 0 | BH20: 3 | BI20: =C20*BH20 -> 1800 | BJ20: =D20*BH20 -> 1800 | BK20: =E20*BH20 -> 0
A21: Cold Pack | B21: ea | C21: =SUM(G21+I21+K21+M21+O21+Q21+S21+U21+W21+Y21+AA21+AC21+AE21+AG21+AI21+AK21+AM21+AO21+AQ21+AS21+AU21+AW21+AY21+BA21+BC21+BE21) -> 24 | D21: =SUM(H21+J21+L21+N21+P21+R21+T21+V21+X21+Z21+AB21+AD21+AF21+AJ21+AH21+AL21+AN21+AP21+AR21+AT21+AV21+AX21+AZ21+BB21+BD21+BF21) -> 24 | E21: =C21-D21 -> 0 | G21: 24 | H21: 0 | I21: 0 | J21: 0 | K21: =I21-J21 -> 0 | L21: 0 | M21: =K21-L21 -> 0 | N21: 0 | O21: =M21-N21 -> 0 | P21: 24 | Q21: 0 | R21: 0 | S21: 0 | T21: 0 | U21: 0 | V21: 0 | W21: 0 | X21: 0 | Y21: 0 | Z21: 0 | AA21: 0 | AB21: 0 | AC21: 0 | AD21: 0 | AE21: 0 | AF21: 0 | AG21: 0 | AH21: 0 | AI21: 0 | AJ21: 0 | AK21: 0 | AL21: 0 | AM21: 0 | AN21: 0 | AO21: 0 | AP21: 0 | AQ21: 0 | AR21: 0 | AS21: 0 | AT21: 0 | AU21: 0 | AV21: 0 | AW21: 0 | AX21: 0 | AY21: 0 | AZ21: 0 | BA21: 0 | BB21: 0 | BC21: 0 | BD21: 0 | BE21: 0 | BF21: 0 | BG21: =G21-H21+I21-J21+K21-L21+M21-N21+O21-P21+Q21-R21+S21-T21+U21-V21+W21-X21+Y21-Z21+AA21-AB21+AC21-AD21+AE21-AF21+AG21-AH21+AI21-AJ21+AK21-AL21+AM21-AN21+AO21-AP21+AQ21-AR21+AS21-AT21+AU21-AV21+AW21-AX21+AY21-AZ21+BA21-BB21+BC21-BD21+BE21-BF21 -> 0 | BH21: 1 | BI21: =C21*BH21 -> 24 | BJ21: =D21*BH21 -> 24 | BK21: =E21*BH21 -> 0
A22: Sterile alcohol Prep Pad | B22: ea | C22: =SUM(G22+I22+K22+M22+O22+Q22+S22+U22+W22+Y22+AA22+AC22+AE22+AG22+AI22+AK22+AM22+AO22+AQ22+AS22+AU22+AW22+AY22+BA22+BC22+BE22) -> 5000 | D22: =SUM(H22+J22+L22+N22+P22+R22+T22+V22+X22+Z22+AB22+AD22+AF22+AJ22+AH22+AL22+AN22+AP22+AR22+AT22+AV22+AX22+AZ22+BB22+BD22+BF22) -> 5000 | E22: =C22-D22 -> 0 | G22: 5000 | H22: 0 | I22: 0 | J22: 0 | K22: =I22-J22 -> 0 | L22: 0 | M22: =K22-L22 -> 0 | N22: 0 | O22: =M22-N22 -> 0 | P22: 5000 | Q22: 0 | R22: 0 | S22: 0 | T22: 0 | U22: 0 | V22: 0 | W22: 0 | X22: 0 | Y22: 0 | Z22: 0 | AA22: 0 | AB22: 0 | AC22: 0 | AD22: 0 | AE22: 0 | AF22: 0 | AG22: 0 | AH22: 0 | AI22: 0 | AJ22: 0 | AK22: 0 | AL22: 0 | AM22: 0 | AN22: 0 | AO22: 0 | AP22: 0 | AQ22: 0 | AR22: 0 | AS22: 0 | AT22: 0 | AU22: 0 | AV22: 0 | AW22: 0 | AX22: 0 | AY22: 0 | AZ22: 0 | BA22: 0 | BB22: 0 | BC22: 0 | BD22: 0 | BE22: 0 | BF22: 0 | BG22: =G22-H22+I22-J22+K22-L22+M22-N22+O22-P22+Q22-R22+S22-T22+U22-V22+W22-X22+Y22-Z22+AA22-AB22+AC22-AD22+AE22-AF22+AG22-AH22+AI22-AJ22+AK22-AL22+AM22-AN22+AO22-AP22+AQ22-AR22+AS22-AT22+AU22-AV22+AW22-AX22+AY22-AZ22+BA22-BB22+BC22-BD22+BE22-BF22 -> 0 | BH22: 0.25 | BI22: =C22*BH22 -> 1250 | BJ22: =D22*BH22 -> 1250 | BK22: =E22*BH22 -> 0
... A29: Urine Collection (Push-Pull Valve) | B29: ea | C29: =SUM(G29+I29+K29+M29+O29+Q29+S29+U29+W29+Y29+AA29+AC29+AE29+AG29+AI29+AK29+AM29+AO29+AQ29+AS29+AU29+AW29+AY29+BA29+BC29+BE29) -> 1000 | D29: =SUM(H29+J29+L29+N29+P29+R29+T29+V29+X29+Z29+AB29+AD29+AF29+AJ29+AH29+AL29+AN29+AP29+AR29+AT29+AV29+AX29+AZ29+BB29+BD29+BF29) -> 1000 | E29: =C29-D29 -> 0 | G29: 1000 | H29: 0 | I29: 0 | J29: 0 | K29: =I29-J29 -> 0 | L29: 0 | M29: =K29-L29 -> 0 | N29: 0 | O29: =M29-N29 -> 0 | P29: 1000 | Q29: 0 | R29: 0 | S29: 0 | T29: 0 | U29: 0 | V29: 0 | W29: 0 | X29: 0 | Y29: 0 | Z29: 0 | AA29: 0 | AB29: 0 | AC29: 0 | AD29: 0 | AE29: 0 | AF29: 0 | AG29: 0 | AH29: 0 | AI29: 0 | AJ29: 0 | AK29: 0 | AL29: 0 | AM29: 0 | AN29: 0 | AO29: 0 | AP29: 0 | AQ29: 0 | AR29: 0 | AS29: 0 | AT29: 0 | AU29: 0 | AV29: 0 | AW29: 0 | AX29: 0 | AY29: 0 | AZ29: 0 | BA29: 0 | BB29: 0 | BC29: 0 | BD29: 0 | BE29: 0 | BF29: 0 | BG29: =G29-H29+I29-J29+K29-L29+M29-N29+O29-P29+Q29-R29+S29-T29+U29-V29+W29-X29+Y29-Z29+AA29-AB29+AC29-AD29+AE29-AF29+AG29-AH29+AI29-AJ29+AK29-AL29+AM29-AN29+AO29-AP29+AQ29-AR29+AS29-AT29+AU29-AV29+AW29-AX29+AY29-AZ29+BA29-BB29+BC29-BD29+BE29-BF29 -> 0 | BH29: 1 | BI29: =C29*BH29 -> 1000 | BJ29: =D29*BH29 -> 1000 | BK29: =E29*BH29 -> 0
A30: Surgical Gloves | B30: ea | C30: =SUM(G30+I30+K30+M30+O30+Q30+S30+U30+W30+Y30+AA30+AC30+AE30+AG30+AI30+AK30+AM30+AO30+AQ30+AS30+AU30+AW30+AY30+BA30+BC30+BE30) -> 30650 | D30: =SUM(H30+J30+L30+N30+P30+R30+T30+V30+X30+Z30+AB30+AD30+AF30+AJ30+AH30+AL30+AN30+AP30+AR30+AT30+AV30+AX30+AZ30+BB30+BD30+BF30) -> 29900 | E30: =C30-D30 -> 750 | F30: MG | G30: 29900 | H30: 0 | I30: 0 | J30: 0 | K30: =I30-J30 -> 0 | L30: 0 | M30: =K30-L30 -> 0 | N30: 0 | O30: =M30-N30 -> 0 | P30: 29900 | Q30: 0 | R30: 0 | S30: 750 | T30: 0 | U30: 0 | V30: 0 | W30: 0 | X30: 0 | Y30: 0 | Z30: 0 | AA30: 0 | AB30: 0 | AC30: 0 | AD30: 0 | AE30: 0 | AF30: 0 | AG30: 0 | AH30: 0 | AI30: 0 | AJ30: 0 | AK30: 0 | AL30: 0 | AM30: 0 | AN30: 0 | AO30: 0 | AP30: 0 | AQ30: 0 | AR30: 0 | AS30: 0 | AT30: 0 | AU30: 0 | AV30: 0 | AW30: 0 | AX30: 0 | AY30: 0 | AZ30: 0 | BA30: 0 | BB30: 0 | BC30: 0 | BD30: 0 | BE30: 0 | BF30: 0 | BG30: =G30-H30+I30-J30+K30-L30+M30-N30+O30-P30+Q30-R30+S30-T30+U30-V30+W30-X30+Y30-Z30+AA30-AB30+AC30-AD30+AE30-AF30+AG30-AH30+AI30-AJ30+AK30-AL30+AM30-AN30+AO30-AP30+AQ30-AR30+AS30-AT30+AU30-AV30+AW30-AX30+AY30-AZ30+BA30-BB30+BC30-BD30+BE30-BF30 -> 750 | BH30: 0.25 | BI30: =C30*BH30 -> 7662.5 | BJ30: =D30*BH30 -> 7475 | BK30: =E30*BH30 -> 187.5
A31: Safety Blood Collection Infusion Set | B31: ea | C31: =SUM(G31+I31+K31+M31+O31+Q31+S31+U31+W31+Y31+AA31+AC31+AE31+AG31+AI31+AK31+AM31+AO31+AQ31+AS31+AU31+AW31+AY31+BA31+BC31+BE31) -> 400 | D31: =SUM(H31+J31+L31+N31+P31+R31+T31+V31+X31+Z31+AB31+AD31+AF31+AJ31+AH31+AL31+AN31+AP31+AR31+AT31+AV31+AX31+AZ31+BB31+BD31+BF31) -> 400 | E31: =C31-D31 -> 0 | G31: 400 | H31: 0 | I31: 0 | J31: 0 | K31: =I31-J31 -> 0 | L31: 0 | M31: =K31-L31 -> 0 | N31: 0 | O31: =M31-N31 -> 0 | P31: 400 | Q31: 0 | R31: 0 | S31: 0 | T31: 0 | U31: 0 | V31: 0 | W31: 0 | X31: 0 | Y31: 0 | Z31: 0 | AA31: 0 | AB31: 0 | AC31: 0 | AD31: 0 | AE31: 0 | AF31: 0 | AG31: 0 | AH31: 0 | AI31: 0 | AJ31: 0 | AK31: 0 | AL31: 0 | AM31: 0 | AN31: 0 | AO31: 0 | AP31: 0 | AQ31: 0 | AR31: 0 | AS31: 0 | AT31: 0 | AU31: 0 | AV31: 0 | AW31: 0 | AX31: 0 | AY31: 0 | AZ31: 0 | BA31: 0 | BB31: 0 | BC31: 0 | BD31: 0 | BE31: 0 | BF31: 0 | BG31: =G31-H31+I31-J31+K31-L31+M31-N31+O31-P31+Q31-R31+S31-T31+U31-V31+W31-X31+Y31-Z31+AA31-AB31+AC31-AD31+AE31-AF31+AG31-AH31+AI31-AJ31+AK31-AL31+AM31-AN31+AO31-AP31+AQ31-AR31+AS31-AT31+AU31-AV31+AW31-AX31+AY31-AZ31+BA31-BB31+BC31-BD31+BE31-BF31 -> 0 | BH31: 1 | BI31: =C31*BH31 -> 400 | BJ31: =D31*BH31 -> 400 | BK31: =E31*BH31 -> 0
A32: Assorted Medications | B32: ea | C32: =SUM(G32+I32+K32+M32+O32+Q32+S32+U32+W32+Y32+AA32+AC32+AE32+AG32+AI32+AK32+AM32+AO32+AQ32+AS32+AU32+AW32+AY32+BA32+BC32+BE32) -> 30 | D32: =SUM(H32+J32+L32+N32+P32+R32+T32+V32+X32+Z32+AB32+AD32+AF32+AJ32+AH32+AL32+AN32+AP32+AR32+AT32+AV32+AX32+AZ32+BB32+BD32+BF32) -> 30 | E32: =C32-D32 -> 0 | G32: 30 | H32: 0 | I32: 0 | J32: 0 | K32: =I32-J32 -> 0 | L32: 0 | M32: =K32-L32 -> 0 | N32: 0 | O32: =M32-N32 -> 0 | P32: 30 | Q32: 0 | R32: 0 | S32: 0 | T32: 0 | U32: 0 | V32: 0 | W32: 0 | X32: 0 | Y32: 0 | Z32: 0 | AA32: 0 | AB32: 0 | AC32: 0 | AD32: 0 | AE32: 0 | AF32: 0 | AG32: 0 | AH32: 0 | AI32: 0 | AJ32: 0 | AK32: 0 | AL32: 0 | AM32: 0 | AN32: 0 | AO32: 0 | AP32: 0 | AQ32: 0 | AR32: 0 | AS32: 0 | AT32: 0 | AU32: 0 | AV32: 0 | AW32: 0 | AX32: 0 | AY32: 0 | AZ32: 0 | BA32: 0 | BB32: 0 | BC32: 0 | BD32: 0 | BE32: 0 | BF32: 0 | BG32: =G32-H32+I32-J32+K32-L32+M32-N32+O32-P32+Q32-R32+S32-T32+U32-V32+W32-X32+Y32-Z32+AA32-AB32+AC32-AD32+AE32-AF32+AG32-AH32+AI32-AJ32+AK32-AL32+AM32-AN32+AO32-AP32+AQ32-AR32+AS32-AT32+AU32-AV32+AW32-AX32+AY32-AZ32+BA32-BB32+BC32-BD32+BE32-BF32 -> 0 | BH32: 35 | BI32: =C32*BH32 -> 1050 | BJ32: =D32*BH32 -> 1050 | BK32: =E32*BH32 -> 0
A33: Blood Pressure Machine | B33: ea | C33: =SUM(G33+I33+K33+M33+O33+Q33+S33+U33+W33+Y33+AA33+AC33+AE33+AG33+AI33+AK33+AM33+AO33+AQ33+AS33+AU33+AW33+AY33+BA33+BC33+BE33) -> 270 | D33: =SUM(H33+J33+L33+N33+P33+R33+T33+V33+X33+Z33+AB33+AD33+AF33+AJ33+AH33+AL33+AN33+AP33+AR33+AT33+AV33+AX33+AZ33+BB33+BD33+BF33) -> 270 | E33: =C33-D33 -> 0 | G33: 270 | H33: 0 | I33: 0 | J33: 0 | K33: =I33-J33 -> 0 | L33: 0 | M33: =K33-L33 -> 0 | N33: 0 | O33: =M33-N33 -> 0 | P33: 270 | Q33: 0 | R33: 0 | S33: 0 | T33: 0 | U33: 0 | V33: 0 | W33: 0 | X33: 0 | Y33: 0 | Z33: 0 | AA33: 0 | AB33: 0 | AC33: 0 | AD33: 0 | AE33: 0 | AF33: 0 | AG33: 0 | AH33: 0 | AI33: 0 | AJ33: 0 | AK33: 0 | AL33: 0 | AM33: 0 | AN33: 0 | AO33: 0 | AP33: 0 | AQ33: 0 | AR33: 0 | AS33: 0 | AT33: 0 | AU33: 0 | AV33: 0 | AW33: 0 | AX33: 0 | AY33: 0 | AZ33: 0 | BA33: 0 | BB33: 0 | BC33: 0 | BD33: 0 | BE33: 0 | BF33: 0 | BG33: =G33-H33+I33-J33+K33-L33+M33-N33+O33-P33+Q33-R33+S33-T33+U33-V33+W33-X33+Y33-Z33+AA33-AB33+AC33-AD33+AE33-AF33+AG33-AH33+AI33-AJ33+AK33-AL33+AM33-AN33+AO33-AP33+AQ33-AR33+AS33-AT33+AU33-AV33+AW33-AX33+AY33-AZ33+BA33-BB33+BC33-BD33+BE33-BF33 -> 0 | BH33: 30 | BI33: =C33*BH33 -> 8100 | BJ33: =D33*BH33 -> 8100 | BK33: =E33*BH33 -> 0
A34: Polyethylene Aprons | B34: ea | C34: =SUM(G34+I34+K34+M34+O34+Q34+S34+U34+W34+Y34+AA34+AC34+AE34+AG34+AI34+AK34+AM34+AO34+AQ34+AS34+AU34+AW34+AY34+BA34+BC34+BE34) -> 6000 | D34: =SUM(H34+J34+L34+N34+P34+R34+T34+V34+X34+Z34+AB34+AD34+AF34+AJ34+AH34+AL34+AN34+AP34+AR34+AT34+AV34+AX34+AZ34+BB34+BD34+BF34) -> 6000 | E34: =C34-D34 -> 0 | G34: 6000 | H34: 0 | I34: 0 | J34: 0 | K34: =I34-J34 -> 0 | L34: 0 | M34: =K34-L34 -> 0 | N34: 0 | O34: =M34-N34 -> 0 | P34: 6000 | Q34: 0 | R34: 0 | S34: 0 | T34: 0 | U34: 0 | V34: 0 | W34: 0 | X34: 0 | Y34: 0 | Z34: 0 | AA34: 0 | AB34: 0 | AC34: 0 | AD34: 0 | AE34: 0 | AF34: 0 | AG34: 0 | AH34: 0 | AI34: 0 | AJ34: 0 | AK34: 0 | AL34: 0 | AM34: 0 | AN34: 0 | AO34: 0 | AP34: 0 | AQ34: 0 | AR34: 0 | AS34: 0 | AT34: 0 | AU34: 0 | AV34: 0 | AW34: 0 | AX34: 0 | AY34: 0 | AZ34: 0 | BA34: 0 | BB34: 0 | BC34: 0 | BD34: 0 | BE34: 0 | BF34: 0 | BG34: =G34-H34+I34-J34+K34-L34+M34-N34+O34-P34+Q34-R34+S34-T34+U34-V34+W34-X34+Y34-Z34+AA34-AB34+AC34-AD34+AE34-AF34+AG34-AH34+AI34-AJ34+AK34-AL34+AM34-AN34+AO34-AP34+AQ34-AR34+AS34-AT34+AU34-AV34+AW34-AX34+AY34-AZ34+BA34-BB34+BC34-BD34+BE34-BF34 -> 0 | BH34: 1.5 | BI34: =C34*BH34 -> 9000 | BJ34: =D34*BH34 -> 9000 | BK34: =E34*BH34 -> 0
A35: Otoscope Tips | B35: ea | C35: =SUM(G35+I35+K35+M35+O35+Q35+S35+U35+W35+Y35+AA35+AC35+AE35+AG35+AI35+AK35+AM35+AO35+AQ35+AS35+AU35+AW35+AY35+BA35+BC35+BE35) -> 60000 | D35: =SUM(H35+J35+L35+N35+P35+R35+T35+V35+X35+Z35+AB35+AD35+AF35+AJ35+AH35+AL35+AN35+AP35+AR35+AT35+AV35+AX35+AZ35+BB35+BD35+BF35) -> 60000 | E35: =C35-D35 -> 0 | G35: 60000 | H35: 0 | I35: 0 | J35: 0 | K35: =I35-J35 -> 0 | L35: 0 | M35: =K35-L35 -> 0 | N35: 0 | O35: =M35-N35 -> 0 | P35: 60000 | Q35: 0 | R35: 0 | S35: 0 | T35: 0 | U35: 0 | V35: 0 | W35: 0 | X35: 0 | Y35: 0 | Z35: 0 | AA35: 0 | AB35: 0 | AC35: 0 | AD35: 0 | AE35: 0 | AF35: 0 | AG35: 0 | AH35: 0 | AI35: 0 | AJ35: 0 | AK35: 0 | AL35: 0 | AM35: 0 | AN35: 0 | AO35: 0 | AP35: 0 | AQ35: 0 | AR35: 0 | AS35: 0 | AT35: 0 | AU35: 0 | AV35: 0 | AW35: 0 | AX35: 0 | AY35: 0 | AZ35: 0 | BA35: 0 | BB35: 0 | BC35: 0 | BD35: 0 | BE35: 0 | BF35: 0 | BG35: =G35-H35+I35-J35+K35-L35+M35-N35+O35-P35+Q35-R35+S35-T35+U35-V35+W35-X35+Y35-Z35+AA35-AB35+AC35-AD35+AE35-AF35+AG35-AH35+AI35-AJ35+AK35-AL35+AM35-AN35+AO35-AP35+AQ35-AR35+AS35-AT35+AU35-AV35+AW35-AX35+AY35-AZ35+BA35-BB35+BC35-BD35+BE35-BF35 -> 0 | BH35: 0.5 | BI35: =C35*BH35 -> 30000 | BJ35: =D35*BH35 -> 30000 | BK35: =E35*BH35 -> 0
A36: Sitz Bath | B36: ea | C36: =SUM(G36+I36+K36+M36+O36+Q36+S36+U36+W36+Y36+AA36+AC36+AE36+AG36+AI36+AK36+AM36+AO36+AQ36+AS36+AU36+AW36+AY36+BA36+BC36+BE36) -> 240 | D36: =SUM(H36+J36+L36+N36+P36+R36+T36+V36+X36+Z36+AB36+AD36+AF36+AJ36+AH36+AL36+AN36+AP36+AR36+AT36+AV36+AX36+AZ36+BB36+BD36+BF36) -> 240 | E36: =C36-D36 -> 0 | G36: 240 | H36: 0 | I36: 0 | J36: 0 | K36: =I36-J36 -> 0 | L36: 0 | M36: =K36-L36 -> 0 | N36: 0 | O36: =M36-N36 -> 0 | P36: 240 | Q36: 0 | R36: 0 | S36: 0 | T36: 0 | U36: 0 | V36: 0 | W36: 0 | X36: 0 | Y36: 0 | Z36: 0 | AA36: 0 | AB36: 0 | AC36: 0 | AD36: 0 | AE36: 0 | AF36: 0 | AG36: 0 | AH36: 0 | AI36: 0 | AJ36: 0 | AK36: 0 | AL36: 0 | AM36: 0 | AN36: 0 | AO36: 0 | AP36: 0 | AQ36: 0 | AR36: 0 | AS36: 0 | AT36: 0 | AU36: 0 | AV36: 0 | AW36: 0 | AX36: 0 | AY36: 0 | AZ36: 0 | BA36: 0 | BB36: 0 | BC36: 0 | BD36: 0 | BE36: 0 | BF36: 0 | BG36: =G36-H36+I36-J36+K36-L36+M36-N36+O36-P36+Q36-R36+S36-T36+U36-V36+W36-X36+Y36-Z36+AA36-AB36+AC36-AD36+AE36-AF36+AG36-AH36+AI36-AJ36+AK36-AL36+AM36-AN36+AO36-AP36+AQ36-AR36+AS36-AT36+AU36-AV36+AW36-AX36+AY36-AZ36+BA36-BB36+BC36-BD36+BE36-BF36 -> 0 | BH36: 10 | BI36: =C36*BH36 -> 2400 | BJ36: =D36*BH36 -> 2400 | BK36: =E36*BH36 -> 0
A37: Eye Pads | B37: ea | C37: =SUM(G37+I37+K37+M37+O37+Q37+S37+U37+W37+Y37+AA37+AC37+AE37+AG37+AI37+AK37+AM37+AO37+AQ37+AS37+AU37+AW37+AY37+BA37+BC37+BE37) -> 500 | D37: =SUM(H37+J37+L37+N37+P37+R37+T37+V37+X37+Z37+AB37+AD37+AF37+AJ37+AH37+AL37+AN37+AP37+AR37+AT37+AV37+AX37+AZ37+BB37+BD37+BF37) -> 500 | E37: =C37-D37 -> 0 | G37: 500 | H37: 0 | I37: 0 | J37: 0 | K37: =I37-J37 -> 0 | L37: 0 | M37: =K37-L37 -> 0 | N37: 0 | O37: =M37-N37 -> 0 | P37: 500 | Q37: 0 | R37: 0 | S37: 0 | T37: 0 | U37: 0 | V37: 0 | W37: 0 | X37: 0 | Y37: 0 | Z37: 0 | AA37: 0 | AB37: 0 | AC37: 0 | AD37: 0 | AE37: 0 | AF37: 0 | AG37: 0 | AH37: 0 | AI37: 0 | AJ37: 0 | AK37: 0 | AL37: 0 | AM37: 0 | AN37: 0 | AO37: 0 | AP37: 0 | AQ37: 0 | AR37: 0 | AS37: 0 | AT37: 0 | AU37: 0 | AV37: 0 | AW37: 0 | AX37: 0 | AY37: 0 | AZ37: 0 | BA37: 0 | BB37: 0 | BC37: 0 | BD37: 0 | BE37: 0 | BF37: 0 | BG37: =G37-H37+I37-J37+K37-L37+M37-N37+O37-P37+Q37-R37+S37-T37+U37-V37+W37-X37+Y37-Z37+AA37-AB37+AC37-AD37+AE37-AF37+AG37-AH37+AI37-AJ37+AK37-AL37+AM37-AN37+AO37-AP37+AQ37-AR37+AS37-AT37+AU37-AV37+AW37-AX37+AY37-AZ37+BA37-BB37+BC37-BD37+BE37-BF37 -> 0 | BH37: 0.5 | BI37: =C37*BH37 -> 250 | BJ37: =D37*BH37 -> 250 | BK37: =E37*BH37 -> 0
A38: Sodium Chloride Injection | B38: ea | C38: =SUM(G38+I38+K38+M38+O38+Q38+S38+U38+W38+Y38+AA38+AC38+AE38+AG38+AI38+AK38+AM38+AO38+AQ38+AS38+AU38+AW38+AY38+BA38+BC38+BE38) -> 180 | D38: =SUM(H38+J38+L38+N38+P38+R38+T38+V38+X38+Z38+AB38+AD38+AF38+AJ38+AH38+AL38+AN38+AP38+AR38+AT38+AV38+AX38+AZ38+BB38+BD38+BF38) -> 180 | E38: =C38-D38 -> 0 | G38: 180 | H38: 0 | I38: 0 | J38: 0 | K38: =I38-J38 -> 0 | L38: 0 | M38: =K38-L38 -> 0 | N38: 0 | O38: =M38-N38 -> 0 | P38: 180 | Q38: 0 | R38: 0 | S38: 0 | T38: 0 | U38: 0 | V38: 0 | W38: 0 | X38: 0 | Y38: 0 | Z38: 0 | AA38: 0 | AB38: 0 | AC38: 0 | AD38: 0 | AE38: 0 | AF38: 0 | AG38: 0 | AH38: 0 | AI38: 0 | AJ38: 0 | AK38: 0 | AL38: 0 | AM38: 0 | AN38: 0 | AO38: 0 | AP38: 0 | AQ38: 0 | AR38: 0 | AS38: 0 | AT38: 0 | AU38: 0 | AV38: 0 | AW38: 0 | AX38: 0 | AY38: 0 | AZ38: 0 | BA38: 0 | BB38: 0 | BC38: 0 | BD38: 0 | BE38: 0 | BF38: 0 | BG38: =G38-H38+I38-J38+K38-L38+M38-N38+O38-P38+Q38-R38+S38-T38+U38-V38+W38-X38+Y38-Z38+AA38-AB38+AC38-AD38+AE38-AF38+AG38-AH38+AI38-AJ38+AK38-AL38+AM38-AN38+AO38-AP38+AQ38-AR38+AS38-AT38+AU38-AV38+AW38-AX38+AY38-AZ38+BA38-BB38+BC38-BD38+BE38-BF38 -> 0 | BH38: 5 | BI38: =C38*BH38 -> 900 | BJ38: =D38*BH38 -> 900 | BK38: =E38*BH38 -> 0
A39: ICU Medical | B39: ea | C39: =SUM(G39+I39+K39+M39+O39+Q39+S39+U39+W39+Y39+AA39+AC39+AE39+AG39+AI39+AK39+AM39+AO39+AQ39+AS39+AU39+AW39+AY39+BA39+BC39+BE39) -> 288 | D39: =SUM(H39+J39+L39+N39+P39+R39+T39+V39+X39+Z39+AB39+AD39+AF39+AJ39+AH39+AL39+AN39+AP39+AR39+AT39+AV39+AX39+AZ39+BB39+BD39+BF39) -> 288 | E39: =C39-D39 -> 0 | G39: 288 | H39: 0 | I39: 0 | J39: 0 | K39: =I39-J39 -> 0 | L39: 0 | M39: =K39-L39 -> 0 | N39: 0 | O39: =M39-N39 -> 0 | P39: 288 | Q39: 0 | R39: 0 | S39: 0 | T39: 0 | U39: 0 | V39: 0 | W39: 0 | X39: 0 | Y39: 0 | Z39: 0 | AA39: 0 | AB39: 0 | AC39: 0 | AD39: 0 | AE39: 0 | AF39: 0 | AG39: 0 | AH39: 0 | AI39: 0 | AJ39: 0 | AK39: 0 | AL39: 0 | AM39: 0 | AN39: 0 | AO39: 0 | AP39: 0 | AQ39: 0 | AR39: 0 | AS39: 0 | AT39: 0 | AU39: 0 | AV39: 0 | AW39: 0 | AX39: 0 | AY39: 0 | AZ39: 0 | BA39: 0 | BB39: 0 | BC39: 0 | BD39: 0 | BE39: 0 | BF39: 0 | BG39: =G39-H39+I39-J39+K39-L39+M39-N39+O39-P39+Q39-R39+S39-T39+U39-V39+W39-X39+Y39-Z39+AA39-AB39+AC39-AD39+AE39-AF39+AG39-AH39+AI39-AJ39+AK39-AL39+AM39-AN39+AO39-AP39+AQ39-AR39+AS39-AT39+AU39-AV39+AW39-AX39+AY39-AZ39+BA39-BB39+BC39-BD39+BE39-BF39 -> 0 | BH39: 3 | BI39: =C39*BH39 -> 864 | BJ39: =D39*BH39 -> 864 | BK39: =E39*BH39 -> 0
A40: Adhesive Tapes | B40: ea | C40: =SUM(G40+I40+K40+M40+O40+Q40+S40+U40+W40+Y40+AA40+AC40+AE40+AG40+AI40+AK40+AM40+AO40+AQ40+AS40+AU40+AW40+AY40+BA40+BC40+BE40) -> 120 | D40: =SUM(H40+J40+L40+N40+P40+R40+T40+V40+X40+Z40+AB40+AD40+AF40+AJ40+AH40+AL40+AN40+AP40+AR40+AT40+AV40+AX40+AZ40+BB40+BD40+BF40) -> 120 | E40: =C40-D40 -> 0 | G40: 120 | H40: 0 | I40: 0 | J40: 0 | K40: =I40-J40 -> 0 | L40: 0 | M40: =K40-L40 -> 0 | N40: 0 | O40: =M40-N40 -> 0 | P40: 120 | Q40: 0 | R40: 0 | S40: 0 | T40: 0 | U40: 0 | V40: 0 | W40: 0 | X40: 0 | Y40: 0 | Z40: 0 | AA40: 0 | AB40: 0 | AC40: 0 | AD40: 0 | AE40: 0 | AF40: 0 | AG40: 0 | AH40: 0 | AI40: 0 | AJ40: 0 | AK40: 0 | AL40: 0 | AM40: 0 | AN40: 0 | AO40: 0 | AP40: 0 | AQ40: 0 | AR40: 0 | AS40: 0 | AT40: 0 | AU40: 0 | AV40: 0 | AW40: 0 | AX40: 0 | AY40: 0 | AZ40: 0 | BA40: 0 | BB40: 0 | BC40: 0 | BD40: 0 | BE40: 0 | BF40: 0 | BG40: =G40-H40+I40-J40+K40-L40+M40-N40+O40-P40+Q40-R40+S40-T40+U40-V40+W40-X40+Y40-Z40+AA40-AB40+AC40-AD40+AE40-AF40+AG40-AH40+AI40-AJ40+AK40-AL40+AM40-AN40+AO40-AP40+AQ40-AR40+AS40-AT40+AU40-AV40+AW40-AX40+AY40-AZ40+BA40-BB40+BC40-BD40+BE40-BF40 -> 0 | BH40: 0.5 | BI40: =C40*BH40 -> 60 | BJ40: =D40*BH40 -> 60 | BK40: =E40*BH40 -> 0
A41: Procedure Masks | B41: ea | C41: =SUM(G41+I41+K41+M41+O41+Q41+S41+U41+W41+Y41+AA41+AC41+AE41+AG41+AI41+AK41+AM41+AO41+AQ41+AS41+AU41+AW41+AY41+BA41+BC41+BE41) -> 500 | D41: =SUM(H41+J41+L41+N41+P41+R41+T41+V41+X41+Z41+AB41+AD41+AF41+AJ41+AH41+AL41+AN41+AP41+AR41+AT41+AV41+AX41+AZ41+BB41+BD41+BF41) -> 500 | E41: =C41-D41 -> 0 | G41: 500 | H41: 0 | I41: 0 | J41: 0 | K41: =I41-J41 -> 0 | L41: 0 | M41: =K41-L41 -> 0 | N41: 0 | O41: =M41-N41 -> 0 | P41: 500 | Q41: 0 | R41: 0 | S41: 0 | T41: 0 | U41: 0 | V41: 0 | W41: 0 | X41: 0 | Y41: 0 | Z41: 0 | AA41: 0 | AB41: 0 | AC41: 0 | AD41: 0 | AE41: 0 | AF41: 0 | AG41: 0 | AH41: 0 | AI41: 0 | AJ41: 0 | AK41: 0 | AL41: 0 | AM41: 0 | AN41: 0 | AO41: 0 | AP41: 0 | AQ41: 0 | AR41: 0 | AS41: 0 | AT41: 0 | AU41: 0 | AV41: 0 | AW41: 0 | AX41: 0 | AY41: 0 | AZ41: 0 | BA41: 0 | BB41: 0 | BC41: 0 | BD41: 0 | BE41: 0 | BF41: 0 | BG41: =G41-H41+I41-J41+K41-L41+M41-N41+O41-P41+Q41-R41+S41-T41+U41-V41+W41-X41+Y41-Z41+AA41-AB41+AC41-AD41+AE41-AF41+AG41-AH41+AI41-AJ41+AK41-AL41+AM41-AN41+AO41-AP41+AQ41-AR41+AS41-AT41+AU41-AV41+AW41-AX41+AY41-AZ41+BA41-BB41+BC41-BD41+BE41-BF41 -> 0 | BH41: 0.5 | BI41: =C41*BH41 -> 250 | BJ41: =D41*BH41 -> 250 | BK41: =E41*BH41 -> 0
A42: Oral Airway | B42: ea | C42: =SUM(G42+I42+K42+M42+O42+Q42+S42+U42+W42+Y42+AA42+AC42+AE42+AG42+AI42+AK42+AM42+AO42+AQ42+AS42+AU42+AW42+AY42+BA42+BC42+BE42) -> 900 | D42: =SUM(H42+J42+L42+N42+P42+R42+T42+V42+X42+Z42+AB42+AD42+AF42+AJ42+AH42+AL42+AN42+AP42+AR42+AT42+AV42+AX42+AZ42+BB42+BD42+BF42) -> 900 | E42: =C42-D42 -> 0 | G42: 900 | H42: 0 | I42: 0 | J42: 0 | K42: =I42-J42 -> 0 | L42: 0 | M42: =K42-L42 -> 0 | N42: 0 | O42: =M42-N42 -> 0 | P42: 900 | Q42: 0 | R42: 0 | S42: 0 | T42: 0 | U42: 0 | V42: 0 | W42: 0 | X42: 0 | Y42: 0 | Z42: 0 | AA42: 0 | AB42: 0 | AC42: 0 | AD42: 0 | AE42: 0 | AF42: 0 | AG42: 0 | AH42: 0 | AI42: 0 | AJ42: 0 | AK42: 0 | AL42: 0 | AM42: 0 | AN42: 0 | AO42: 0 | AP42: 0 | AQ42: 0 | AR42: 0 | AS42: 0 | AT42: 0 | AU42: 0 | AV42: 0 | AW42: 0 | AX42: 0 | AY42: 0 | AZ42: 0 | BA42: 0 | BB42: 0 | BC42: 0 | BD42: 0 | BE42: 0 | BF42: 0 | BG42: =G42-H42+I42-J42+K42-L42+M42-N42+O42-P42+Q42-R42+S42-T42+U42-V42+W42-X42+Y42-Z42+AA42-AB42+AC42-AD42+AE42-AF42+AG42-AH42+AI42-AJ42+AK42-AL42+AM42-AN42+AO42-AP42+AQ42-AR42+AS42-AT42+AU42-AV42+AW42-AX42+AY42-AZ42+BA42-BB42+BC42-BD42+BE42-BF42 -> 0 | BH42: 1 | BI42: =C42*BH42 -> 900 | BJ42: =D42*BH42 -> 900 | BK42: =E42*BH42 -> 0
A43: Face Mask | B43: ea | C43: =SUM(G43+I43+K43+M43+O43+Q43+S43+U43+W43+Y43+AA43+AC43+AE43+AG43+AI43+AK43+AM43+AO43+AQ43+AS43+AU43+AW43+AY43+BA43+BC43+BE43) -> 10000 | D43: =SUM(H43+J43+L43+N43+P43+R43+T43+V43+X43+Z43+AB43+AD43+AF43+AJ43+AH43+AL43+AN43+AP43+AR43+AT43+AV43+AX43+AZ43+BB43+BD43+BF43) -> 10000 | E43: =C43-D43 -> 0 | G43: 10000 | H43: 0 | I43: 0 | J43: 0 | K43: 0 | L43: 0 | M43: 0 | N43: 0 | O43: 0 | P43: 10000 | Q43: 0 | R43: 0 | S43: 0 | T43: 0 | U43: 0 | V43: 0 | W43: 0 | X43: 0 | Y43: 0 | Z43: 0 | AA43: 0 | AB43: 0 | AC43: 0 | AD43: 0 | AE43: 0 | AF43: 0 | AG43: 0 | AH43: 0 | AI43: 0 | AJ43: 0 | AK43: 0 | AL43: 0 | AM43: 0 | AN43: 0 | AO43: 0 | AP43: 0 | AQ43: 0 | AR43: 0 | AS43: 0 | AT43: 0 | AU43: 0 | AV43: 0 | AW43: 0 | AX43: 0 | AY43: 0 | AZ43: 0 | BA43: 0 | BB43: 0 | BC43: 0 | BD43: 0 | BE43: 0 | BF43: 0 | BG43: =G43-H43+I43-J43+K43-L43+M43-N43+O43-P43+Q43-R43+S43-T43+U43-V43+W43-X43+Y43-Z43+AA43-AB43+AC43-AD43+AE43-AF43+AG43-AH43+AI43-AJ43+AK43-AL43+AM43-AN43+AO43-AP43+AQ43-AR43+AS43-AT43+AU43-AV43+AW43-AX43+AY43-AZ43+BA43-BB43+BC43-BD43+BE43-BF43 -> 0 | BH43: 0.5 | BI43: =C43*BH43 -> 5000 | BJ43: =D43*BH43 -> 5000 | BK43: =E43*BH43 -> 0
A44: Face Mask (Cloth) | B44: ea | C44: =SUM(G44+I44+K44+M44+O44+Q44+S44+U44+W44+Y44+AA44+AC44+AE44+AG44+AI44+AK44+AM44+AO44+AQ44+AS44+AU44+AW44+AY44+BA44+BC44+BE44) -> 5800 | D44: =SUM(H44+J44+L44+N44+P44+R44+T44+V44+X44+Z44+AB44+AD44+AF44+AJ44+AH44+AL44+AN44+AP44+AR44+AT44+AV44+AX44+AZ44+BB44+BD44+BF44) -> 5800 | E44: =C44-D44 -> 0 | G44: 0 | H44: 0 | I44: 0 | J44: 0 | K44: 5800 | L44: 0 | M44: 0 | N44: 0 | O44: 0 | P44: 5800 | Q44: 0 | R44: 0 | S44: 0 | T44: 0 | U44: 0 | V44: 0 | W44: 0 | X44: 0 | Y44: 0 | Z44: 0 | AA44: 0 | AB44: 0 | AC44: 0 | AD44: 0 | AE44: 0 | AF44: 0 | AG44: 0 | AH44: 0 | AI44: 0 | AJ44: 0 | AK44: 0 | AL44: 0 | AM44: 0 | AN44: 0 | AO44: 0 | AP44: 0 | AQ44: 0 | AR44: 0 | AS44: 0 | AT44: 0 | AU44: 0 | AV44: 0 | AW44: 0 | AX44: 0 | AY44: 0 | AZ44: 0 | BA44: 0 | BB44: 0 | BC44: 0 | BD44: 0 | BE44: 0 | BF44: 0 | BG44: =G44-H44+I44-J44+K44-L44+M44-N44+O44-P44+Q44-R44+S44-T44+U44-V44+W44-X44+Y44-Z44+AA44-AB44+AC44-AD44+AE44-AF44+AG44-AH44+AI44-AJ44+AK44-AL44+AM44-AN44+AO44-AP44+AQ44-AR44+AS44-AT44+AU44-AV44+AW44-AX44+AY44-AZ44+BA44-BB44+BC44-BD44+BE44-BF44 -> 0 | BH44: 0.5 | BI44: =C44*BH44 -> 2900 | BJ44: =D44*BH44 -> 2900 | BK44: =E44*BH44 -> 0
A45: Camera over | B45: ea | C45: =SUM(G45+I45+K45+M45+O45+Q45+S45+U45+W45+Y45+AA45+AC45+AE45+AG45+AI45+AK45+AM45+AO45+AQ45+AS45+AU45+AW45+AY45+BA45+BC45+BE45) -> 25 | D45: =SUM(H45+J45+L45+N45+P45+R45+T45+V45+X45+Z45+AB45+AD45+AF45+AJ45+AH45+AL45+AN45+AP45+AR45+AT45+AV45+AX45+AZ45+BB45+BD45+BF45) -> 25 | E45: =C45-D45 -> 0 | G45: 25 | H45: 0 | I45: 0 | J45: 0 | K45: 0 | L45: 0 | M45: 0 | N45: 0 | O45: 0 | P45: 25 | Q45: 0 | R45: 0 | S45: 0 | T45: 0 | U45: 0 | V45: 0 | W45: 0 | X45: 0 | Y45: 0 | Z45: 0 | AA45: 0 | AB45: 0 | AC45: 0 | AD45: 0 | AE45: 0 | AF45: 0 | AG45: 0 | AH45: 0 | AI45: 0 | AJ45: 0 | AK45: 0 | AL45: 0 | AM45: 0 | AN45: 0 | AO45: 0 | AP45: 0 | AQ45: 0 | AR45: 0 | AS45: 0 | AT45: 0 | AU45: 0 | AV45: 0 | AW45: 0 | AX45: 0 | AY45: 0 | AZ45: 0 | BA45: 0 | BB45: 0 | BC45: 0 | BD45: 0 | BE45: 0 | BF45: 0 | BG45: =G45-H45+I45-J45+K45-L45+M45-N45+O45-P45+Q45-R45+S45-T45+U45-V45+W45-X45+Y45-Z45+AA45-AB45+AC45-AD45+AE45-AF45+AG45-AH45+AI45-AJ45+AK45-AL45+AM45-AN45+AO45-AP45+AQ45-AR45+AS45-AT45+AU45-AV45+AW45-AX45+AY45-AZ45+BA45-BB45+BC45-BD45+BE45-BF45 -> 0 | BH45: 0.75 | BI45: =C45*BH45 -> 18.75 | BJ45: =D45*BH45 -> 18.75 | BK45: =E45*BH45 -> 0
A46: ECG Recorder Machine | B46: ea | C46: =SUM(G46+I46+K46+M46+O46+Q46+S46+U46+W46+Y46+AA46+AC46+AE46+AG46+AI46+AK46+AM46+AO46+AQ46+AS46+AU46+AW46+AY46+BA46+BC46+BE46) -> 3 | D46: =SUM(H46+J46+L46+N46+P46+R46+T46+V46+X46+Z46+AB46+AD46+AF46+AJ46+AH46+AL46+AN46+AP46+AR46+AT46+AV46+AX46+AZ46+BB46+BD46+BF46) -> 0 | E46: =C46-D46 -> 3 | F46: MG | G46: 0 | H46: 0 | I46: 0 | J46: 0 | K46: 0 | L46: 0 | M46: 0 | N46: 0 | O46: 0 | P46: 0 | Q46: 0 | R46: 0 | S46: 0 | T46: 0 | U46: 3 | V46: 0 | W46: 0 | X46: 0 | Y46: 0 | Z46: 0 | AA46: 0 | AB46: 0 | AC46: 0 | AD46: 0 | AE46: 0 | AF46: 0 | AG46: 0 | AH46: 0 | AI46: 0 | AJ46: 0 | AK46: 0 | AL46: 0 | AM46: 0 | AN46: 0 | AO46: 0 | AP46: 0 | AQ46: 0 | AR46: 0 | AS46: 0 | AT46: 0 | AU46: 0 | AV46: 0 | AW46: 0 | AX46: 0 | AY46: 0 | AZ46: 0 | BA46: 0 | BB46: 0 | BC46: 0 | BD46: 0 | BE46: 0 | BF46: 0 | BG46: =G46-H46+I46-J46+K46-L46+M46-N46+O46-P46+Q46-R46+S46-T46+U46-V46+W46-X46+Y46-Z46+AA46-AB46+AC46-AD46+AE46-AF46+AG46-AH46+AI46-AJ46+AK46-AL46+AM46-AN46+AO46-AP46+AQ46-AR46+AS46-AT46+AU46-AV46+AW46-AX46+AY46-AZ46+BA46-BB46+BC46-BD46+BE46-BF46 -> 3 | BH46: 200 | BI46: =C46*BH46 -> 600 | BJ46: =D46*BH46 -> 0 | BK46: =E46*BH46 -> 600
A47: Examination Gloves | B47: ea | C47: =SUM(G47+I47+K47+M47+O47+Q47+S47+U47+W47+Y47+AA47+AC47+AE47+AG47+AI47+AK47+AM47+AO47+AQ47+AS47+AU47+AW47+AY47+BA47+BC47+BE47) -> 47000 | D47: =SUM(H47+J47+L47+N47+P47+R47+T47+V47+X47+Z47+AB47+AD47+AF47+AJ47+AH47+AL47+AN47+AP47+AR47+AT47+AV47+AX47+AZ47+BB47+BD47+BF47) -> 0 | E47: =C47-D47 -> 47000 | F47: MG | G47: 0 | H47: 0 | I47: 0 | J47: 0 | K47: 0 | L47: 0 | M47: 0 | N47: 0 | O47: 0 | P47: 0 | Q47: 0 | R47: 0 | S47: 47000 | T47: 0 | U47: 0 | V47: 0 | W47: 0 | X47: 0 | Y47: 0 | Z47: 0 | AA47: 0 | AB47: 0 | AC47: 0 | AD47: 0 | AE47: 0 | AF47: 0 | AG47: 0 | AH47: 0 | AI47: 0 | AJ47: 0 | AK47: 0 | AL47: 0 | AM47: 0 | AN47: 0 | AO47: 0 | AP47: 0 | AQ47: 0 | AR47: 0 | AS47: 0 | AT47: 0 | AU47: 0 | AV47: 0 | AW47: 0 | AX47: 0 | AY47: 0 | AZ47: 0 | BA47: 0 | BB47: 0 | BC47: 0 | BD47: 0 | BE47: 0 | BF47: 0 | BG47: =G47-H47+I47-J47+K47-L47+M47-N47+O47-P47+Q47-R47+S47-T47+U47-V47+W47-X47+Y47-Z47+AA47-AB47+AC47-AD47+AE47-AF47+AG47-AH47+AI47-AJ47+AK47-AL47+AM47-AN47+AO47-AP47+AQ47-AR47+AS47-AT47+AU47-AV47+AW47-AX47+AY47-AZ47+BA47-BB47+BC47-BD47+BE47-BF47 -> 47000 | BH47: 0.5 | BI47: =C47*BH47 -> 23500 | BJ47: =D47*BH47 -> 0 | BK47: =E47*BH47 -> 23500
A48: Syringe 3 ml | B48: ea | C48: =SUM(G48+I48+K48+M48+O48+Q48+S48+U48+W48+Y48+AA48+AC48+AE48+AG48+AI48+AK48+AM48+AO48+AQ48+AS48+AU48+AW48+AY48+BA48+BC48+BE48) -> 15000 | D48: =SUM(H48+J48+L48+N48+P48+R48+T48+V48+X48+Z48+AB48+AD48+AF48+AJ48+AH48+AL48+AN48+AP48+AR48+AT48+AV48+AX48+AZ48+BB48+BD48+BF48) -> 0 | E48: =C48-D48 -> 15000 | F48: MG | G48: 0 | H48: 0 | I48: 0 | J48: 0 | K48: 0 | L48: 0 | M48: 0 | N48: 0 | O48: 0 | P48: 0 | Q48: 0 | R48: 0 | S48: 15000 | T48: 0 | U48: 0 | V48: 0 | W48: 0 | X48: 0 | Y48: 0 | Z48: 0 | AA48: 0 | AB48: 0 | AC48: 0 | AD48: 0 | AE48: 0 | AF48: 0 | AG48: 0 | AH48: 0 | AI48: 0 | AJ48: 0 | AK48: 0 | AL48: 0 | AM48: 0 | AN48: 0 | AO48: 0 | AP48: 0 | AQ48: 0 | AR48: 0 | AS48: 0 | AT48: 0 | AU48: 0 | AV48: 0 | AW48: 0 | AX48: 0 | AY48: 0 | AZ48: 0 | BA48: 0 | BB48: 0 | BC48: 0 | BD48: 0 | BE48: 0 | BF48: 0 | BG48: =G48-H48+I48-J48+K48-L48+M48-N48+O48-P48+Q48-R48+S48-T48+U48-V48+W48-X48+Y48-Z48+AA48-AB48+AC48-AD48+AE48-AF48+AG48-AH48+AI48-AJ48+AK48-AL48+AM48-AN48+AO48-AP48+AQ48-AR48+AS48-AT48+AU48-AV48+AW48-AX48+AY48-AZ48+BA48-BB48+BC48-BD48+BE48-BF48 -> 15000 | BH48: 1 | BI48: =C48*BH48 -> 15000 | BJ48: =D48*BH48 -> 0 | BK48: =E48*BH48 -> 15000
A49: Cotton Pads | B49: ea | C49: =SUM(G49+I49+K49+M49+O49+Q49+S49+U49+W49+Y49+AA49+AC49+AE49+AG49+AI49+AK49+AM49+AO49+AQ49+AS49+AU49+AW49+AY49+BA49+BC49+BE49) -> 20 | D49: =SUM(H49+J49+L49+N49+P49+R49+T49+V49+X49+Z49+AB49+AD49+AF49+AJ49+AH49+AL49+AN49+AP49+AR49+AT49+AV49+AX49+AZ49+BB49+BD49+BF49) -> 0 | E49: =C49-D49 -> 20 | F49: MG | G49: 0 | H49: 0 | I49: 0 | J49: 0 | K49: 0 | L49: 0 | M49: 0 | N49: 0 | O49: 0 | P49: 0 | Q49: 0 | R49: 0 | S49: 20 | T49: 0 | U49: 0 | V49: 0 | W49: 0 | X49: 0 | Y49: 0 | Z49: 0 | AA49: 0 | AB49: 0 | AC49: 0 | AD49: 0 | AE49: 0 | AF49: 0 | AG49: 0 | AH49: 0 | AI49: 0 | AJ49: 0 | AK49: 0 | AL49: 0 | AM49: 0 | AN49: 0 | AO49: 0 | AP49: 0 | AQ49: 0 | AR49: 0 | AS49: 0 | AT49: 0 | AU49: 0 | AV49: 0 | AW49: 0 | AX49: 0 | AY49: 0 | AZ49: 0 | BA49: 0 | BB49: 0 | BC49: 0 | BD49: 0 | BE49: 0 | BF49: 0 | BG49: =G49-H49+I49-J49+K49-L49+M49-N49+O49-P49+Q49-R49+S49-T49+U49-V49+W49-X49+Y49-Z49+AA49-AB49+AC49-AD49+AE49-AF49+AG49-AH49+AI49-AJ49+AK49-AL49+AM49-AN49+AO49-AP49+AQ49-AR49+AS49-AT49+AU49-AV49+AW49-AX49+AY49-AZ49+BA49-BB49+BC49-BD49+BE49-BF49 -> 20 | BH49: 0.25 | BI49: =C49*BH49 -> 5 | BJ49: =D49*BH49 -> 0 | BK49: =E49*BH49 -> 5
A50: Oral Medication Set | B50: ea | C50: =SUM(G50+I50+K50+M50+O50+Q50+S50+U50+W50+Y50+AA50+AC50+AE50+AG50+AI50+AK50+AM50+AO50+AQ50+AS50+AU50+AW50+AY50+BA50+BC50+BE50) -> 1 | D50: =SUM(H50+J50+L50+N50+P50+R50+T50+V50+X50+Z50+AB50+AD50+AF50+AJ50+AH50+AL50+AN50+AP50+AR50+AT50+AV50+AX50+AZ50+BB50+BD50+BF50) -> 1 | E50: =C50-D50 -> 0 | G50: 0 | H50: 0 | I50: 0 | J50: 0 | K50: 0 | L50: 0 | M50: 0 | N50: 0 | O50: 0 | P50: 0 | Q50: 0 | R50: 0 | S50: 0 | T50: 0 | U50: 1 | V50: 1 | W50: 0 | X50: 0 | Y50: 0 | Z50: 0 | AA50: 0 | AB50: 0 | AC50: 0 | AD50: 0 | AE50: 0 | AF50: 0 | AG50: 0 | AH50: 0 | AI50: 0 | AJ50: 0 | AK50: 0 | AL50: 0 | AM50: 0 | AN50: 0 | AO50: 0 | AP50: 0 | AQ50: 0 | AR50: 0 | AS50: 0 | AT50: 0 | AU50: 0 | AV50: 0 | AW50: 0 | AX50: 0 | AY50: 0 | AZ50: 0 | BA50: 0 | BB50: 0 | BC50: 0 | BD50: 0 | BE50: 0 | BF50: 0 | BG50: =G50-H50+I50-J50+K50-L50+M50-N50+O50-P50+Q50-R50+S50-T50+U50-V50+W50-X50+Y50-Z50+AA50-AB50+AC50-AD50+AE50-AF50+AG50-AH50+AI50-AJ50+AK50-AL50+AM50-AN50+AO50-AP50+AQ50-AR50+AS50-AT50+AU50-AV50+AW50-AX50+AY50-AZ50+BA50-BB50+BC50-BD50+BE50-BF50 -> 0 | BH50: 8 | BI50: =C50*BH50 -> 8 | BJ50: =D50*BH50 -> 8 | BK50: =E50*BH50 -> 0
A51: Lab Card Set | B51: ea | C51: =SUM(G51+I51+K51+M51+O51+Q51+S51+U51+W51+Y51+AA51+AC51+AE51+AG51+AI51+AK51+AM51+AO51+AQ51+AS51+AU51+AW51+AY51+BA51+BC51+BE51) -> 1 | D51: =SUM(H51+J51+L51+N51+P51+R51+T51+V51+X51+Z51+AB51+AD51+AF51+AJ51+AH51+AL51+AN51+AP51+AR51+AT51+AV51+AX51+AZ51+BB51+BD51+BF51) -> 1 | E51: =C51-D51 -> 0 | G51: 0 | H51: 0 | I51: 0 | J51: 0 | K51: 0 | L51: 0 | M51: 0 | N51: 0 | O51: 0 | P51: 0 | Q51: 0 | R51: 0 | S51: 0 | T51: 0 | U51: 1 | V51: 1 | W51: 0 | X51: 0 | Y51: 0 | Z51: 0 | AA51: 0 | AB51: 0 | AC51: 0 | AD51: 0 | AE51: 0 | AF51: 0 | AG51: 0 | AH51: 0 | AI51: 0 | AJ51: 0 | AK51: 0 | AL51: 0 | AM51: 0 | AN51: 0 | AO51: 0 | AP51: 0 | AQ51: 0 | AR51: 0 | AS51: 0 | AT51: 0 | AU51: 0 | AV51: 0 | AW51: 0 | AX51: 0 | AY51: 0 | AZ51: 0 | BA51: 0 | BB51: 0 | BC51: 0 | BD51: 0 | BE51: 0 | BF51: 0 | BG51: =G51-H51+I51-J51+K51-L51+M51-N51+O51-P51+Q51-R51+S51-T51+U51-V51+W51-X51+Y51-Z51+AA51-AB51+AC51-AD51+AE51-AF51+AG51-AH51+AI51-AJ51+AK51-AL51+AM51-AN51+AO51-AP51+AQ51-AR51+AS51-AT51+AU51-AV51+AW51-AX51+AY51-AZ51+BA51-BB51+BC51-BD51+BE51-BF51 -> 0 | BH51: 25 | BI51: =C51*BH51 -> 25 | BJ51: =D51*BH51 -> 25 | BK51: =E51*BH51 -> 0
A52: Emergency Camp Light Set 1 | B52: ea | C52: =SUM(G52+I52+K52+M52+O52+Q52+S52+U52+W52+Y52+AA52+AC52+AE52+AG52+AI52+AK52+AM52+AO52+AQ52+AS52+AU52+AW52+AY52+BA52+BC52+BE52) -> 1 | D52: =SUM(H52+J52+L52+N52+P52+R52+T52+V52+X52+Z52+AB52+AD52+AF52+AJ52+AH52+AL52+AN52+AP52+AR52+AT52+AV52+AX52+AZ52+BB52+BD52+BF52) -> 1 | E52: =C52-D52 -> 0 | G52: 0 | H52: 0 | I52: 0 | J52: 0 | K52: 0 | L52: 0 | M52: 0 | N52: 0 | O52: 0 | P52: 0 | Q52: 0 | R52: 0 | S52: 0 | T52: 0 | U52: 1 | V52: 1 | W52: 0 | X52: 0 | Y52: 0 | Z52: 0 | AA52: 0 | AB52: 0 | AC52: 0 | AD52: 0 | AE52: 0 | AF52: 0 | AG52: 0 | AH52: 0 | AI52: 0 | AJ52: 0 | AK52: 0 | AL52: 0 | AM52: 0 | AN52: 0 | AO52: 0 | AP52: 0 | AQ52: 0 | AR52: 0 | AS52: 0 | AT52: 0 | AU52: 0 | AV52: 0 | AW52: 0 | AX52: 0 | AY52: 0 | AZ52: 0 | BA52: 0 | BB52: 0 | BC52: 0 | BD52: 0 | BE52: 0 | BF52: 0 | BG52: =G52-H52+I52-J52+K52-L52+M52-N52+O52-P52+Q52-R52+S52-T52+U52-V52+W52-X52+Y52-Z52+AA52-AB52+AC52-AD52+AE52-AF52+AG52-AH52+AI52-AJ52+AK52-AL52+AM52-AN52+AO52-AP52+AQ52-AR52+AS52-AT52+AU52-AV52+AW52-AX52+AY52-AZ52+BA52-BB52+BC52-BD52+BE52-BF52 -> 0 | BH52: 30 | BI52: =C52*BH52 -> 30 | BJ52: =D52*BH52 -> 30 | BK52: =E52*BH52 -> 0
A53: Oxygen Supply Tubing | B53: ea | C53: =SUM(G53+I53+K53+M53+O53+Q53+S53+U53+W53+Y53+AA53+AC53+AE53+AG53+AI53+AK53+AM53+AO53+AQ53+AS53+AU53+AW53+AY53+BA53+BC53+BE53) -> 2 | D53: =SUM(H53+J53+L53+N53+P53+R53+T53+V53+X53+Z53+AB53+AD53+AF53+AJ53+AH53+AL53+AN53+AP53+AR53+AT53+AV53+AX53+AZ53+BB53+BD53+BF53) -> 2 | E53: =C53-D53 -> 0 | G53: 0 | H53: 0 | I53: 0 | J53: 0 | K53: 0 | L53: 0 | M53: 0 | N53: 0 | O53: 0 | P53: 0 | Q53: 0 | R53: 0 | S53: 0 | T53: 0 | U53: 2 | V53: 2 | W53: 0 | X53: 0 | Y53: 0 | Z53: 0 | AA53: 0 | AB53: 0 | AC53: 0 | AD53: 0 | AE53: 0 | AF53: 0 | AG53: 0 | AH53: 0 | AI53: 0 | AJ53: 0 | AK53: 0 | AL53: 0 | AM53: 0 | AN53: 0 | AO53: 0 | AP53: 0 | AQ53: 0 | AR53: 0 | AS53: 0 | AT53: 0 | AU53: 0 | AV53: 0 | AW53: 0 | AX53: 0 | AY53: 0 | AZ53: 0 | BA53: 0 | BB53: 0 | BC53: 0 | BD53: 0 | BE53: 0 | BF53: 0 | BG53: =G53-H53+I53-J53+K53-L53+M53-N53+O53-P53+Q53-R53+S53-T53+U53-V53+W53-X53+Y53-Z53+AA53-AB53+AC53-AD53+AE53-AF53+AG53-AH53+AI53-AJ53+AK53-AL53+AM53-AN53+AO53-AP53+AQ53-AR53+AS53-AT53+AU53-AV53+AW53-AX53+AY53-AZ53+BA53-BB53+BC53-BD53+BE53-BF53 -> 0 | BH53: 12 | BI53: =C53*BH53 -> 24 | BJ53: =D53*BH53 -> 24 | BK53: =E53*BH53 -> 0
A54: Chest and Abdominal Injury 1 | B54: ea | C54: =SUM(G54+I54+K54+M54+O54+Q54+S54+U54+W54+Y54+AA54+AC54+AE54+AG54+AI54+AK54+AM54+AO54+AQ54+AS54+AU54+AW54+AY54+BA54+BC54+BE54) -> 1 | D54: =SUM(H54+J54+L54+N54+P54+R54+T54+V54+X54+Z54+AB54+AD54+AF54+AJ54+AH54+AL54+AN54+AP54+AR54+AT54+AV54+AX54+AZ54+BB54+BD54+BF54) -> 1 | E54: =C54-D54 -> 0 | G54: 0 | H54: 0 | I54: 0 | J54: 0 | K54: 0 | L54: 0 | M54: 0 | N54: 0 | O54: 0 | P54: 0 | Q54: 0 | R54: 0 | S54: 0 | T54: 0 | U54: 1 | V54: 1 | W54: 0 | X54: 0 | Y54: 0 | Z54: 0 | AA54: 0 | AB54: 0 | AC54: 0 | AD54: 0 | AE54: 0 | AF54: 0 | AG54: 0 | AH54: 0 | AI54: 0 | AJ54: 0 | AK54: 0 | AL54: 0 | AM54: 0 | AN54: 0 | AO54: 0 | AP54: 0 | AQ54: 0 | AR54: 0 | AS54: 0 | AT54: 0 | AU54: 0 | AV54: 0 | AW54: 0 | AX54: 0 | AY54: 0 | AZ54: 0 | BA54: 0 | BB54: 0 | BC54: 0 | BD54: 0 | BE54: 0 | BF54: 0 | BG54: =G54-H54+I54-J54+K54-L54+M54-N54+O54-P54+Q54-R54+S54-T54+U54-V54+W54-X54+Y54-Z54+AA54-AB54+AC54-AD54+AE54-AF54+AG54-AH54+AI54-AJ54+AK54-AL54+AM54-AN54+AO54-AP54+AQ54-AR54+AS54-AT54+AU54-AV54+AW54-AX54+AY54-AZ54+BA54-BB54+BC54-BD54+BE54-BF54 -> 0 | BH54: 600 | BI54: =C54*BH54 -> 600 | BJ54: =D54*BH54 -> 600 | BK54: =E54*BH54 -> 0
A55: Major Bleeding Control 1 | B55: ea | C55: =SUM(G55+I55+K55+M55+O55+Q55+S55+U55+W55+Y55+AA55+AC55+AE55+AG55+AI55+AK55+AM55+AO55+AQ55+AS55+AU55+AW55+AY55+BA55+BC55+BE55) -> 1 | D55: =SUM(H55+J55+L55+N55+P55+R55+T55+V55+X55+Z55+AB55+AD55+AF55+AJ55+AH55+AL55+AN55+AP55+AR55+AT55+AV55+AX55+AZ55+BB55+BD55+BF55) -> 1 | E55: =C55-D55 -> 0 | G55: 0 | H55: 0 | I55: 0 | J55: 0 | K55: 0 | L55: 0 | M55: 0 | N55: 0 | O55: 0 | P55: 0 | Q55: 0 | R55: 0 | S55: 0 | T55: 0 | U55: 1 | V55: 1 | W55: 0 | X55: 0 | Y55: 0 | Z55: 0 | AA55: 0 | AB55: 0 | AC55: 0 | AD55: 0 | AE55: 0 | AF55: 0 | AG55: 0 | AH55: 0 | AI55: 0 | AJ55: 0 | AK55: 0 | AL55: 0 | AM55: 0 | AN55: 0 | AO55: 0 | AP55: 0 | AQ55: 0 | AR55: 0 | AS55: 0 | AT55: 0 | AU55: 0 | AV55: 0 | AW55: 0 | AX55: 0 | AY55: 0 | AZ55: 0 | BA55: 0 | BB55: 0 | BC55: 0 | BD55: 0 | BE55: 0 | BF55: 0 | BG55: =G55-H55+I55-J55+K55-L55+M55-N55+O55-P55+Q55-R55+S55-T55+U55-V55+W55-X55+Y55-Z55+AA55-AB55+AC55-AD55+AE55-AF55+AG55-AH55+AI55-AJ55+AK55-AL55+AM55-AN55+AO55-AP55+AQ55-AR55+AS55-AT55+AU55-AV55+AW55-AX55+AY55-AZ55+BA55-BB55+BC55-BD55+BE55-BF55 -> 0 | BH55: 150 | BI55: =C55*BH55 -> 150 | BJ55: =D55*BH55 -> 150 | BK55: =E55*BH55 -> 0
A56: Mass Casualty Triage Set 2 | B56: ea | C56: =SUM(G56+I56+K56+M56+O56+Q56+S56+U56+W56+Y56+AA56+AC56+AE56+AG56+AI56+AK56+AM56+AO56+AQ56+AS56+AU56+AW56+AY56+BA56+BC56+BE56) -> 1 | D56: =SUM(H56+J56+L56+N56+P56+R56+T56+V56+X56+Z56+AB56+AD56+AF56+AJ56+AH56+AL56+AN56+AP56+AR56+AT56+AV56+AX56+AZ56+BB56+BD56+BF56) -> 1 | E56: =C56-D56 -> 0 | G56: 0 | H56: 0 | I56: 0 | J56: 0 | K56: 0 | L56: 0 | M56: 0 | N56: 0 | O56: 0 | P56: 0 | Q56: 0 | R56: 0 | S56: 0 | T56: 0 | U56: 1 | V56: 1 | W56: 0 | X56: 0 | Y56: 0 | Z56: 0 | AA56: 0 | AB56: 0 | AC56: 0 | AD56: 0 | AE56: 0 | AF56: 0 | AG56: 0 | AH56: 0 | AI56: 0 | AJ56: 0 | AK56: 0 | AL56: 0 | AM56: 0 | AN56: 0 | AO56: 0 | AP56: 0 | AQ56: 0 | AR56: 0 | AS56: 0 | AT56: 0 | AU56: 0 | AV56: 0 | AW56: 0 | AX56: 0 | AY56: 0 | AZ56: 0 | BA56: 0 | BB56: 0 | BC56: 0 | BD56: 0 | BE56: 0 | BF56: 0 | BG56: =G56-H56+I56-J56+K56-L56+M56-N56+O56-P56+Q56-R56+S56-T56+U56-V56+W56-X56+Y56-Z56+AA56-AB56+AC56-AD56+AE56-AF56+AG56-AH56+AI56-AJ56+AK56-AL56+AM56-AN56+AO56-AP56+AQ56-AR56+AS56-AT56+AU56-AV56+AW56-AX56+AY56-AZ56+BA56-BB56+BC56-BD56+BE56-BF56 -> 0 | BH56: 700 | BI56: =C56*BH56 -> 700 | BJ56: =D56*BH56 -> 700 | BK56: =E56*BH56 -> 0
A57: Defibrillator Set 1 | B57: ea | C57: =SUM(G57+I57+K57+M57+O57+Q57+S57+U57+W57+Y57+AA57+AC57+AE57+AG57+AI57+AK57+AM57+AO57+AQ57+AS57+AU57+AW57+AY57+BA57+BC57+BE57) -> 1 | D57: =SUM(H57+J57+L57+N57+P57+R57+T57+V57+X57+Z57+AB57+AD57+AF57+AJ57+AH57+AL57+AN57+AP57+AR57+AT57+AV57+AX57+AZ57+BB57+BD57+BF57) -> 1 | E57: =C57-D57 -> 0 | G57: 0 | H57: 0 | I57: 0 | J57: 0 | K57: 0 | L57: 0 | M57: 0 | N57: 0 | O57: 0 | P57: 0 | Q57: 0 | R57: 0 | S57: 0 | T57: 0 | U57: 1 | V57: 1 | W57: 0 | X57: 0 | Y57: 0 | Z57: 0 | AA57: 0 | AB57: 0 | AC57: 0 | AD57: 0 | AE57: 0 | AF57: 0 | AG57: 0 | AH57: 0 | AI57: 0 | AJ57: 0 | AK57: 0 | AL57: 0 | AM57: 0 | AN57: 0 | AO57: 0 | AP57: 0 | AQ57: 0 | AR57: 0 | AS57: 0 | AT57: 0 | AU57: 0 | AV57: 0 | AW57: 0 | AX57: 0 | AY57: 0 | AZ57: 0 | BA57: 0 | BB57: 0 | BC57: 0 | BD57: 0 | BE57: 0 | BF57: 0 | BG57: =G57-H57+I57-J57+K57-L57+M57-N57+O57-P57+Q57-R57+S57-T57+U57-V57+W57-X57+Y57-Z57+AA57-AB57+AC57-AD57+AE57-AF57+AG57-AH57+AI57-AJ57+AK57-AL57+AM57-AN57+AO57-AP57+AQ57-AR57+AS57-AT57+AU57-AV57+AW57-AX57+AY57-AZ57+BA57-BB57+BC57-BD57+BE57-BF57 -> 0 | BH57: 2000 | BI57: =C57*BH57 -> 2000 | BJ57: =D57*BH57 -> 2000 | BK57: =E57*BH57 -> 0
A58: Ringer Lactate Set 1 | B58: ea | C58: =SUM(G58+I58+K58+M58+O58+Q58+S58+U58+W58+Y58+AA58+AC58+AE58+AG58+AI58+AK58+AM58+AO58+AQ58+AS58+AU58+AW58+AY58+BA58+BC58+BE58) -> 1 | D58: =SUM(H58+J58+L58+N58+P58+R58+T58+V58+X58+Z58+AB58+AD58+AF58+AJ58+AH58+AL58+AN58+AP58+AR58+AT58+AV58+AX58+AZ58+BB58+BD58+BF58) -> 1 | E58: =C58-D58 -> 0 | G58: 0 | H58: 0 | I58: 0 | J58: 0 | K58: 0 | L58: 0 | M58: 0 | N58: 0 | O58: 0 | P58: 0 | Q58: 0 | R58: 0 | S58: 0 | T58: 0 | U58: 1 | V58: 1 | W58: 0 | X58: 0 | Y58: 0 | Z58: 0 | AA58: 0 | AB58: 0 | AC58: 0 | AD58: 0 | AE58: 0 | AF58: 0 | AG58: 0 | AH58: 0 | AI58: 0 | AJ58: 0 | AK58: 0 | AL58: 0 | AM58: 0 | AN58: 0 | AO58: 0 | AP58: 0 | AQ58: 0 | AR58: 0 | AS58: 0 | AT58: 0 | AU58: 0 | AV58: 0 | AW58: 0 | AX58: 0 | AY58: 0 | AZ58: 0 | BA58: 0 | BB58: 0 | BC58: 0 | BD58: 0 | BE58: 0 | BF58: 0 | BG58: =G58-H58+I58-J58+K58-L58+M58-N58+O58-P58+Q58-R58+S58-T58+U58-V58+W58-X58+Y58-Z58+AA58-AB58+AC58-AD58+AE58-AF58+AG58-AH58+AI58-AJ58+AK58-AL58+AM58-AN58+AO58-AP58+AQ58-AR58+AS58-AT58+AU58-AV58+AW58-AX58+AY58-AZ58+BA58-BB58+BC58-BD58+BE58-BF58 -> 0 | BH58: 250 | BI58: =C58*BH58 -> 250 | BJ58: =D58*BH58 -> 250 | BK58: =E58*BH58 -> 0
A59: Normal Saline Set 1 | B59: ea | C59: =SUM(G59+I59+K59+M59+O59+Q59+S59+U59+W59+Y59+AA59+AC59+AE59+AG59+AI59+AK59+AM59+AO59+AQ59+AS59+AU59+AW59+AY59+BA59+BC59+BE59) -> 1 | D59: =SUM(H59+J59+L59+N59+P59+R59+T59+V59+X59+Z59+AB59+AD59+AF59+AJ59+AH59+AL59+AN59+AP59+AR59+AT59+AV59+AX59+AZ59+BB59+BD59+BF59) -> 1 | E59: =C59-D59 -> 0 | G59: 0 | H59: 0 | I59: 0 | J59: 0 | K59: 0 | L59: 0 | M59: 0 | N59: 0 | O59: 0 | P59: 0 | Q59: 0 | R59: 0 | S59: 0 | T59: 0 | U59: 1 | V59: 1 | W59: 0 | X59: 0 | Y59: 0 | Z59: 0 | AA59: 0 | AB59: 0 | AC59: 0 | AD59: 0 | AE59: 0 | AF59: 0 | AG59: 0 | AH59: 0 | AI59: 0 | AJ59: 0 | AK59: 0 | AL59: 0 | AM59: 0 | AN59: 0 | AO59: 0 | AP59: 0 | AQ59: 0 | AR59: 0 | AS59: 0 | AT59: 0 | AU59: 0 | AV59: 0 | AW59: 0 | AX59: 0 | AY59: 0 | AZ59: 0 | BA59: 0 | BB59: 0 | BC59: 0 | BD59: 0 | BE59: 0 | BF59: 0 | BG59: =G59-H59+I59-J59+K59-L59+M59-N59+O59-P59+Q59-R59+S59-T59+U59-V59+W59-X59+Y59-Z59+AA59-AB59+AC59-AD59+AE59-AF59+AG59-AH59+AI59-AJ59+AK59-AL59+AM59-AN59+AO59-AP59+AQ59-AR59+AS59-AT59+AU59-AV59+AW59-AX59+AY59-AZ59+BA59-BB59+BC59-BD59+BE59-BF59 -> 0 | BH59: 200 | BI59: =C59*BH59 -> 200 | BJ59: =D59*BH59 -> 200 | BK59: =E59*BH59 -> 0
A60: Chest Tube Insertion Set 1 | B60: ea | C60: =SUM(G60+I60+K60+M60+O60+Q60+S60+U60+W60+Y60+AA60+AC60+AE60+AG60+AI60+AK60+AM60+AO60+AQ60+AS60+AU60+AW60+AY60+BA60+BC60+BE60) -> 1 | D60: =SUM(H60+J60+L60+N60+P60+R60+T60+V60+X60+Z60+AB60+AD60+AF60+AJ60+AH60+AL60+AN60+AP60+AR60+AT60+AV60+AX60+AZ60+BB60+BD60+BF60) -> 1 | E60: =C60-D60 -> 0 | G60: 0 | H60: 0 | I60: 0 | J60: 0 | K60: 0 | L60: 0 | M60: 0 | N60: 0 | O60: 0 | P60: 0 | Q60: 0 | R60: 0 | S60: 0 | T60: 0 | U60: 1 | V60: 1 | W60: 0 | X60: 0 | Y60: 0 | Z60: 0 | AA60: 0 | AB60: 0 | AC60: 0 | AD60: 0 | AE60: 0 | AF60: 0 | AG60: 0 | AH60: 0 | AI60: 0 | AJ60: 0 | AK60: 0 | AL60: 0 | AM60: 0 | AN60: 0 | AO60: 0 | AP60: 0 | AQ60: 0 | AR60: 0 | AS60: 0 | AT60: 0 | AU60: 0 | AV60: 0 | AW60: 0 | AX60: 0 | AY60: 0 | AZ60: 0 | BA60: 0 | BB60: 0 | BC60: 0 | BD60: 0 | BE60: 0 | BF60: 0 | BG60: =G60-H60+I60-J60+K60-L60+M60-N60+O60-P60+Q60-R60+S60-T60+U60-V60+W60-X60+Y60-Z60+AA60-AB60+AC60-AD60+AE60-AF60+AG60-AH60+AI60-AJ60+AK60-AL60+AM60-AN60+AO60-AP60+AQ60-AR60+AS60-AT60+AU60-AV60+AW60-AX60+AY60-AZ60+BA60-BB60+BC60-BD60+BE60-BF60 -> 0 | BH60: 400 | BI60: =C60*BH60 -> 400 | BJ60: =D60*BH60 -> 400 | BK60: =E60*BH60 -> 0
A61: AED Set 1 | B61: ea | C61: =SUM(G61+I61+K61+M61+O61+Q61+S61+U61+W61+Y61+AA61+AC61+AE61+AG61+AI61+AK61+AM61+AO61+AQ61+AS61+AU61+AW61+AY61+BA61+BC61+BE61) -> 1 | D61: =SUM(H61+J61+L61+N61+P61+R61+T61+V61+X61+Z61+AB61+AD61+AF61+AJ61+AH61+AL61+AN61+AP61+AR61+AT61+AV61+AX61+AZ61+BB61+BD61+BF61) -> 1 | E61: =C61-D61 -> 0 | G61: 0 | H61: 0 | I61: 0 | J61: 0 | K61: 0 | L61: 0 | M61: 0 | N61: 0 | O61: 0 | P61: 0 | Q61: 0 | R61: 0 | S61: 0 | T61: 0 | U61: 1 | V61: 1 | W61: 0 | X61: 0 | Y61: 0 | Z61: 0 | AA61: 0 | AB61: 0 | AC61: 0 | AD61: 0 | AE61: 0 | AF61: 0 | AG61: 0 | AH61: 0 | AI61: 0 | AJ61: 0 | AK61: 0 | AL61: 0 | AM61: 0 | AN61: 0 | AO61: 0 | AP61: 0 | AQ61: 0 | AR61: 0 | AS61: 0 | AT61: 0 | AU61: 0 | AV61: 0 | AW61: 0 | AX61: 0 | AY61: 0 | AZ61: 0 | BA61: 0 | BB61: 0 | BC61: 0 | BD61: 0 | BE61: 0 | BF61: 0 | BG61: =G61-H61+I61-J61+K61-L61+M61-N61+O61-P61+Q61-R61+S61-T61+U61-V61+W61-X61+Y61-Z61+AA61-AB61+AC61-AD61+AE61-AF61+AG61-AH61+AI61-AJ61+AK61-AL61+AM61-AN61+AO61-AP61+AQ61-AR61+AS61-AT61+AU61-AV61+AW61-AX61+AY61-AZ61+BA61-BB61+BC61-BD61+BE61-BF61 -> 0 | BH61: 2000 | BI61: =C61*BH61 -> 2000 | BJ61: =D61*BH61 -> 2000 | BK61: =E61*BH61 -> 0
... A88: Body Bag Tag White | B88: ea | C88: =SUM(G88+I88+K88+M88+O88+Q88+S88+U88+W88+Y88+AA88+AC88+AE88+AG88+AI88+AK88+AM88+AO88+AQ88+AS88+AU88+AW88+AY88+BA88+BC88+BE88) -> 5 | D88: =SUM(H88+J88+L88+N88+P88+R88+T88+V88+X88+Z88+AB88+AD88+AF88+AJ88+AH88+AL88+AN88+AP88+AR88+AT88+AV88+AX88+AZ88+BB88+BD88+BF88) -> 5 | E88: =C88-D88 -> 0 | G88: 0 | H88: 0 | I88: 0 | J88: 0 | K88: 0 | L88: 0 | M88: 0 | N88: 0 | O88: 0 | P88: 0 | Q88: 0 | R88: 0 | S88: 0 | T88: 0 | U88: 0 | V88: 0 | W88: 0 | X88: 0 | Y88: 0 | Z88: 0 | AA88: 5 | AB88: 0 | AC88: 0 | AD88: 0 | AE88: 0 | AF88: 0 | AG88: 0 | AH88: 0 | AI88: 0 | AJ88: 5 | AK88: 0 | AL88: 0 | AM88: 0 | AN88: 0 | AO88: 0 | AP88: 0 | AQ88: 0 | AR88: 0 | AS88: 0 | AT88: 0 | AU88: 0 | AV88: 0 | AW88: 0 | AX88: 0 | AY88: 0 | AZ88: 0 | BA88: 0 | BB88: 0 | BC88: 0 | BD88: 0 | BE88: 0 | BF88: 0 | BG88: =G88-H88+I88-J88+K88-L88+M88-N88+O88-P88+Q88-R88+S88-T88+U88-V88+W88-X88+Y88-Z88+AA88-AB88+AC88-AD88+AE88-AF88+AG88-AH88+AI88-AJ88+AK88-AL88+AM88-AN88+AO88-AP88+AQ88-AR88+AS88-AT88+AU88-AV88+AW88-AX88+AY88-AZ88+BA88-BB88+BC88-BD88+BE88-BF88 -> 0 | BH88: 12 | BI88: =C88*BH88 -> 60 | BJ88: =D88*BH88 -> 60 | BK88: =E88*BH88 -> 0
A89: Latex Gloves | B89: ea | C89: =SUM(G89+I89+K89+M89+O89+Q89+S89+U89+W89+Y89+AA89+AC89+AE89+AG89+AI89+AK89+AM89+AO89+AQ89+AS89+AU89+AW89+AY89+BA89+BC89+BE89) -> 292100 | D89: =SUM(H89+J89+L89+N89+P89+R89+T89+V89+X89+Z89+AB89+AD89+AF89+AJ89+AH89+AL89+AN89+AP89+AR89+AT89+AV89+AX89+AZ89+BB89+BD89+BF89) -> 100 | E89: =C89-D89 -> 292000 | F89: KW | G89: 0 | H89: 0 | I89: 0 | J89: 0 | K89: 0 | L89: 0 | M89: 0 | N89: 0 | O89: 0 | P89: 0 | Q89: 0 | R89: 0 | S89: 0 | T89: 0 | U89: 0 | V89: 0 | W89: 0 | X89: 0 | Y89: 0 | Z89: 0 | AA89: 100 | AB89: 0 | AC89: 0 | AD89: 0 | AE89: 0 | AF89: 0 | AG89: 0 | AH89: 0 | AI89: 0 | AJ89: 100 | AK89: 292000 | AL89: 0 | AM89: 0 | AN89: 0 | AO89: 0 | AP89: 0 | AQ89: 0 | AR89: 0 | AS89: 0 | AT89: 0 | AU89: 0 | AV89: 0 | AW89: 0 | AX89: 0 | AY89: 0 | AZ89: 0 | BA89: 0 | BB89: 0 | BC89: 0 | BD89: 0 | BE89: 0 | BF89: 0 | BG89: =G89-H89+I89-J89+K89-L89+M89-N89+O89-P89+Q89-R89+S89-T89+U89-V89+W89-X89+Y89-Z89+AA89-AB89+AC89-AD89+AE89-AF89+AG89-AH89+AI89-AJ89+AK89-AL89+AM89-AN89+AO89-AP89+AQ89-AR89+AS89-AT89+AU89-AV89+AW89-AX89+AY89-AZ89+BA89-BB89+BC89-BD89+BE89-BF89 -> 292000 | BH89: 40 | BI89: =C89*BH89 -> 11684000 | BJ89: =D89*BH89 -> 4000 | BK89: =E89*BH89 -> 11680000
A90: Mask | B90: ea | C90: =SUM(G90+I90+K90+M90+O90+Q90+S90+U90+W90+Y90+AA90+AC90+AE90+AG90+AI90+AK90+AM90+AO90+AQ90+AS90+AU90+AW90+AY90+BA90+BC90+BE90) -> 20 | D90: =SUM(H90+J90+L90+N90+P90+R90+T90+V90+X90+Z90+AB90+AD90+AF90+AJ90+AH90+AL90+AN90+AP90+AR90+AT90+AV90+AX90+AZ90+BB90+BD90+BF90) -> 20 | E90: =C90-D90 -> 0 | G90: 0 | H90: 0 | I90: 0 | J90: 0 | K90: 0 | L90: 0 | M90: 0 | N90: 0 | O90: 0 | P90: 0 | Q90: 0 | R90: 0 | S90: 0 | T90: 0 | U90: 0 | V90: 0 | W90: 0 | X90: 0 | Y90: 0 | Z90: 0 | AA90: 20 | AB90: 0 | AC90: 0 | AD90: 0 | AE90: 0 | AF90: 0 | AG90: 0 | AH90: 0 | AI90: 0 | AJ90: 20 | AK90: 0 | AL90: 0 | AM90: 0 | AN90: 0 | AO90: 0 | AP90: 0 | AQ90: 0 | AR90: 0 | AS90: 0 | AT90: 0 | AU90: 0 | AV90: 0 | AW90: 0 | AX90: 0 | AY90: 0 | AZ90: 0 | BA90: 0 | BB90: 0 | BC90: 0 | BD90: 0 | BE90: 0 | BF90: 0 | BG90: =G90-H90+I90-J90+K90-L90+M90-N90+O90-P90+Q90-R90+S90-T90+U90-V90+W90-X90+Y90-Z90+AA90-AB90+AC90-AD90+AE90-AF90+AG90-AH90+AI90-AJ90+AK90-AL90+AM90-AN90+AO90-AP90+AQ90-AR90+AS90-AT90+AU90-AV90+AW90-AX90+AY90-AZ90+BA90-BB90+BC90-BD90+BE90-BF90 -> 0 | BH90: 0.3 | BI90: =C90*BH90 -> 6 | BJ90: =D90*BH90 -> 6 | BK90: =E90*BH90 -> 0
A91: Hydrogen Peroxide Bottle (empty) | B91: ea | C91: =SUM(G91+I91+K91+M91+O91+Q91+S91+U91+W91+Y91+AA91+AC91+AE91+AG91+AI91+AK91+AM91+AO91+AQ91+AS91+AU91+AW91+AY91+BA91+BC91+BE91) -> 225 | D91: =SUM(H91+J91+L91+N91+P91+R91+T91+V91+X91+Z91+AB91+AD91+AF91+AJ91+AH91+AL91+AN91+AP91+AR91+AT91+AV91+AX91+AZ91+BB91+BD91+BF91) -> 0 | E91: =C91-D91 -> 225 | F91: KW | G91: 0 | H91: 0 | I91: 0 | J91: 0 | K91: 0 | L91: 0 | M91: 0 | N91: 0 | O91: 0 | P91: 0 | Q91: 0 | R91: 0 | S91: 0 | T91: 0 | U91: 0 | V91: 0 | W91: 0 | X91: 0 | Y91: 0 | Z91: 0 | AA91: 0 | AB91: 0 | AC91: 0 | AD91: 0 | AE91: 225 | AF91: 0 | AG91: 0 | AH91: 0 | AI91: 0 | AJ91: 0 | AK91: 0 | AL91: 0 | AM91: 0 | AN91: 0 | AO91: 0 | AP91: 0 | AQ91: 0 | AR91: 0 | AS91: 0 | AT91: 0 | AU91: 0 | AV91: 0 | AW91: 0 | AX91: 0 | AY91: 0 | AZ91: 0 | BA91: 0 | BB91: 0 | BC91: 0 | BD91: 0 | BE91: 0 | BF91: 0 | BG91: =G91-H91+I91-J91+K91-L91+M91-N91+O91-P91+Q91-R91+S91-T91+U91-V91+W91-X91+Y91-Z91+AA91-AB91+AC91-AD91+AE91-AF91+AG91-AH91+AI91-AJ91+AK91-AL91+AM91-AN91+AO91-AP91+AQ91-AR91+AS91-AT91+AU91-AV91+AW91-AX91+AY91-AZ91+BA91-BB91+BC91-BD91+BE91-BF91 -> 225 | BH91: 2 | BI91: =C91*BH91 -> 450 | BJ91: =D91*BH91 -> 0 | BK91: =E91*BH91 -> 450
A92: Iron Dextrose BP. 100mg 2ml Injection | B92: ea | C92: =SUM(G92+I92+K92+M92+O92+Q92+S92+U92+W92+Y92+AA92+AC92+AE92+AG92+AI92+AK92+AM92+AO92+AQ92+AS92+AU92+AW92+AY92+BA92+BC92+BE92) -> 1300 | D92: =SUM(H92+J92+L92+N92+P92+R92+T92+V92+X92+Z92+AB92+AD92+AF92+AJ92+AH92+AL92+AN92+AP92+AR92+AT92+AV92+AX92+AZ92+BB92+BD92+BF92) -> 1300 | E92: =C92-D92 -> 0 | G92: 0 | H92: 0 | I92: 0 | J92: 0 | K92: 0 | L92: 0 | M92: 1300 | N92: 1300 | O92: 0 | P92: 0 | Q92: 0 | R92: 0 | S92: 0 | T92: 0 | U92: 0 | V92: 0 | W92: 0 | X92: 0 | Y92: 0 | Z92: 0 | AA92: 0 | AB92: 0 | AC92: 0 | AD92: 0 | AE92: 0 | AF92: 0 | AG92: 0 | AH92: 0 | AI92: 0 | AJ92: 0 | AK92: 0 | AL92: 0 | AM92: 0 | AN92: 0 | AO92: 0 | AP92: 0 | AQ92: 0 | AR92: 0 | AS92: 0 | AT92: 0 | AU92: 0 | AV92: 0 | AW92: 0 | AX92: 0 | AY92: 0 | AZ92: 0 | BA92: 0 | BB92: 0 | BC92: 0 | BD92: 0 | BE92: 0 | BF92: 0 | BG92: =G92-H92+I92-J92+K92-L92+M92-N92+O92-P92+Q92-R92+S92-T92+U92-V92+W92-X92+Y92-Z92+AA92-AB92+AC92-AD92+AE92-AF92+AG92-AH92+AI92-AJ92+AK92-AL92+AM92-AN92+AO92-AP92+AQ92-AR92+AS92-AT92+AU92-AV92+AW92-AX92+AY92-AZ92+BA92-BB92+BC92-BD92+BE92-BF92 -> 0 | BH92: 10 | BI92: =C92*BH92 -> 13000 | BJ92: =D92*BH92 -> 13000 | BK92: =E92*BH92 -> 0
A93: Isopropyl Alcohol 120ml 70% | B93: ea | C93: =SUM(G93+I93+K93+M93+O93+Q93+S93+U93+W93+Y93+AA93+AC93+AE93+AG93+AI93+AK93+AM93+AO93+AQ93+AS93+AU93+AW93+AY93+BA93+BC93+BE93) -> 9630 | D93: =SUM(H93+J93+L93+N93+P93+R93+T93+V93+X93+Z93+AB93+AD93+AF93+AJ93+AH93+AL93+AN93+AP93+AR93+AT93+AV93+AX93+AZ93+BB93+BD93+BF93) -> 9630 | E93: =C93-D93 -> 0 | G93: 0 | H93: 0 | I93: 0 | J93: 0 | K93: 0 | L93: 0 | M93: 9630 | N93: 9630 | O93: 0 | P93: 0 | Q93: 0 | R93: 0 | S93: 0 | T93: 0 | U93: 0 | V93: 0 | W93: 0 | X93: 0 | Y93: 0 | Z93: 0 | AA93: 0 | AB93: 0 | AC93: 0 | AD93: 0 | AE93: 0 | AF93: 0 | AG93: 0 | AH93: 0 | AI93: 0 | AJ93: 0 | AK93: 0 | AL93: 0 | AM93: 0 | AN93: 0 | AO93: 0 | AP93: 0 | AQ93: 0 | AR93: 0 | AS93: 0 | AT93: 0 | AU93: 0 | AV93: 0 | AW93: 0 | AX93: 0 | AY93: 0 | AZ93: 0 | BA93: 0 | BB93: 0 | BC93: 0 | BD93: 0 | BE93: 0 | BF93: 0 | BG93: =G93-H93+I93-J93+K93-L93+M93-N93+O93-P93+Q93-R93+S93-T93+U93-V93+W93-X93+Y93-Z93+AA93-AB93+AC93-AD93+AE93-AF93+AG93-AH93+AI93-AJ93+AK93-AL93+AM93-AN93+AO93-AP93+AQ93-AR93+AS93-AT93+AU93-AV93+AW93-AX93+AY93-AZ93+BA93-BB93+BC93-BD93+BE93-BF93 -> 0 | BH93: 1.5 | BI93: =C93*BH93 -> 14445 | BJ93: =D93*BH93 -> 14445 | BK93: =E93*BH93 -> 0
A94: Albendazole 400mg Tablets | B94: ea | C94: =SUM(G94+I94+K94+M94+O94+Q94+S94+U94+W94+Y94+AA94+AC94+AE94+AG94+AI94+AK94+AM94+AO94+AQ94+AS94+AU94+AW94+AY94+BA94+BC94+BE94) -> 3000 | D94: =SUM(H94+J94+L94+N94+P94+R94+T94+V94+X94+Z94+AB94+AD94+AF94+AJ94+AH94+AL94+AN94+AP94+AR94+AT94+AV94+AX94+AZ94+BB94+BD94+BF94) -> 3000 | E94: =C94-D94 -> 0 | G94: 0 | H94: 0 | I94: 0 | J94: 0 | K94: 0 | L94: 0 | M94: 3000 | N94: 3000 | O94: 0 | P94: 0 | Q94: 0 | R94: 0 | S94: 0 | T94: 0 | U94: 0 | V94: 0 | W94: 0 | X94: 0 | Y94: 0 | Z94: 0 | AA94: 0 | AB94: 0 | AC94: 0 | AD94: 0 | AE94: 0 | AF94: 0 | AG94: 0 | AH94: 0 | AI94: 0 | AJ94: 0 | AK94: 0 | AL94: 0 | AM94: 0 | AN94: 0 | AO94: 0 | AP94: 0 | AQ94: 0 | AR94: 0 | AS94: 0 | AT94: 0 | AU94: 0 | AV94: 0 | AW94: 0 | AX94: 0 | AY94: 0 | AZ94: 0 | BA94: 0 | BB94: 0 | BC94: 0 | BD94: 0 | BE94: 0 | BF94: 0 | BG94: =G94-H94+I94-J94+K94-L94+M94-N94+O94-P94+Q94-R94+S94-T94+U94-V94+W94-X94+Y94-Z94+AA94-AB94+AC94-AD94+AE94-AF94+AG94-AH94+AI94-AJ94+AK94-AL94+AM94-AN94+AO94-AP94+AQ94-AR94+AS94-AT94+AU94-AV94+AW94-AX94+AY94-AZ94+BA94-BB94+BC94-BD94+BE94-BF94 -> 0 | BH94: 0.4 | BI94: =C94*BH94 -> 1200 | BJ94: =D94*BH94 -> 1200 | BK94: =E94*BH94 -> 0
A95: Azithromycin 200mg/5ml x30ml | B95: ea | C95: =SUM(G95+I95+K95+M95+O95+Q95+S95+U95+W95+Y95+AA95+AC95+AE95+AG95+AI95+AK95+AM95+AO95+AQ95+AS95+AU95+AW95+AY95+BA95+BC95+BE95) -> 30 | D95: =SUM(H95+J95+L95+N95+P95+R95+T95+V95+X95+Z95+AB95+AD95+AF95+AJ95+AH95+AL95+AN95+AP95+AR95+AT95+AV95+AX95+AZ95+BB95+BD95+BF95) -> 30 | E95: =C95-D95 -> 0 | G95: 0 | H95: 0 | I95: 0 | J95: 0 | K95: 0 | L95: 0 | M95: 30 | N95: 30 | O95: 0 | P95: 0 | Q95: 0 | R95: 0 | S95: 0 | T95: 0 | U95: 0 | V95: 0 | W95: 0 | X95: 0 | Y95: 0 | Z95: 0 | AA95: 0 | AB95: 0 | AC95: 0 | AD95: 0 | AE95: 0 | AF95: 0 | AG95: 0 | AH95: 0 | AI95: 0 | AJ95: 0 | AK95: 0 | AL95: 0 | AM95: 0 | AN95: 0 | AO95: 0 | AP95: 0 | AQ95: 0 | AR95: 0 | AS95: 0 | AT95: 0 | AU95: 0 | AV95: 0 | AW95: 0 | AX95: 0 | AY95: 0 | AZ95: 0 | BA95: 0 | BB95: 0 | BC95: 0 | BD95: 0 | BE95: 0 | BF95: 0 | BG95: =G95-H95+I95-J95+K95-L95+M95-N95+O95-P95+Q95-R95+S95-T95+U95-V95+W95-X95+Y95-Z95+AA95-AB95+AC95-AD95+AE95-AF95+AG95-AH95+AI95-AJ95+AK95-AL95+AM95-AN95+AO95-AP95+AQ95-AR95+AS95-AT95+AU95-AV95+AW95-AX95+AY95-AZ95+BA95-BB95+BC95-BD95+BE95-BF95 -> 0 | BH95: 2 | BI95: =C95*BH95 -> 60 | BJ95: =D95*BH95 -> 60 | BK95: =E95*BH95 -> 0
A96: Azithromycin 200mg/5ml x30ml | B96: ea | C96: =SUM(G96+I96+K96+M96+O96+Q96+S96+U96+W96+Y96+AA96+AC96+AE96+AG96+AI96+AK96+AM96+AO96+AQ96+AS96+AU96+AW96+AY96+BA96+BC96+BE96) -> 65 | D96: =SUM(H96+J96+L96+N96+P96+R96+T96+V96+X96+Z96+AB96+AD96+AF96+AJ96+AH96+AL96+AN96+AP96+AR96+AT96+AV96+AX96+AZ96+BB96+BD96+BF96) -> 65 | E96: =C96-D96 -> 0 | G96: 0 | H96: 0 | I96: 0 | J96: 0 | K96: 0 | L96: 0 | M96: 65 | N96: 65 | O96: 0 | P96: 0 | Q96: 0 | R96: 0 | S96: 0 | T96: 0 | U96: 0 | V96: 0 | W96: 0 | X96: 0 | Y96: 0 | Z96: 0 | AA96: 0 | AB96: 0 | AC96: 0 | AD96: 0 | AE96: 0 | AF96: 0 | AG96: 0 | AH96: 0 | AI96: 0 | AJ96: 0 | AK96: 0 | AL96: 0 | AM96: 0 | AN96: 0 | AO96: 0 | AP96: 0 | AQ96: 0 | AR96: 0 | AS96: 0 | AT96: 0 | AU96: 0 | AV96: 0 | AW96: 0 | AX96: 0 | AY96: 0 | AZ96: 0 | BA96: 0 | BB96: 0 | BC96: 0 | BD96: 0 | BE96: 0 | BF96: 0 | BG96: =G96-H96+I96-J96+K96-L96+M96-N96+O96-P96+Q96-R96+S96-T96+U96-V96+W96-X96+Y96-Z96+AA96-AB96+AC96-AD96+AE96-AF96+AG96-AH96+AI96-AJ96+AK96-AL96+AM96-AN96+AO96-AP96+AQ96-AR96+AS96-AT96+AU96-AV96+AW96-AX96+AY96-AZ96+BA96-BB96+BC96-BD96+BE96-BF96 -> 0 | BH96: 2 | BI96: =C96*BH96 -> 130 | BJ96: =D96*BH96 -> 130 | BK96: =E96*BH96 -> 0
A97: Isopropyl Alcohol 70% 3.8Lt | B97: ea | C97: =SUM(G97+I97+K97+M97+O97+Q97+S97+U97+W97+Y97+AA97+AC97+AE97+AG97+AI97+AK97+AM97+AO97+AQ97+AS97+AU97+AW97+AY97+BA97+BC97+BE97) -> 30 | D97: =SUM(H97+J97+L97+N97+P97+R97+T97+V97+X97+Z97+AB97+AD97+AF97+AJ97+AH97+AL97+AN97+AP97+AR97+AT97+AV97+AX97+AZ97+BB97+BD97+BF97) -> 30 | E97: =C97-D97 -> 0 | G97: 0 | H97: 0 | I97: 0 | J97: 0 | K97: 0 | L97: 0 | M97: 30 | N97: 30 | O97: 0 | P97: 0 | Q97: 0 | R97: 0 | S97: 0 | T97: 0 | U97: 0 | V97: 0 | W97: 0 | X97: 0 | Y97: 0 | Z97: 0 | AA97: 0 | AB97: 0 | AC97: 0 | AD97: 0 | AE97: 0 | AF97: 0 | AG97: 0 | AH97: 0 | AI97: 0 | AJ97: 0 | AK97: 0 | AL97: 0 | AM97: 0 | AN97: 0 | AO97: 0 | AP97: 0 | AQ97: 0 | AR97: 0 | AS97: 0 | AT97: 0 | AU97: 0 | AV97: 0 | AW97: 0 | AX97: 0 | AY97: 0 | AZ97: 0 | BA97: 0 | BB97: 0 | BC97: 0 | BD97: 0 | BE97: 0 | BF97: 0 | BG97: =G97-H97+I97-J97+K97-L97+M97-N97+O97-P97+Q97-R97+S97-T97+U97-V97+W97-X97+Y97-Z97+AA97-AB97+AC97-AD97+AE97-AF97+AG97-AH97+AI97-AJ97+AK97-AL97+AM97-AN97+AO97-AP97+AQ97-AR97+AS97-AT97+AU97-AV97+AW97-AX97+AY97-AZ97+BA97-BB97+BC97-BD97+BE97-BF97 -> 0 | BH97: 3 | BI97: =C97*BH97 -> 90 | BJ97: =D97*BH97 -> 90 | BK97: =E97*BH97 -> 0
A98: Ceftriaxone 1g IV/IM | B98: ea | C98: =SUM(G98+I98+K98+M98+O98+Q98+S98+U98+W98+Y98+AA98+AC98+AE98+AG98+AI98+AK98+AM98+AO98+AQ98+AS98+AU98+AW98+AY98+BA98+BC98+BE98) -> 400 | D98: =SUM(H98+J98+L98+N98+P98+R98+T98+V98+X98+Z98+AB98+AD98+AF98+AJ98+AH98+AL98+AN98+AP98+AR98+AT98+AV98+AX98+AZ98+BB98+BD98+BF98) -> 400 | E98: =C98-D98 -> 0 | G98: 0 | H98: 0 | I98: 0 | J98: 0 | K98: 0 | L98: 0 | M98: 400 | N98: 400 | O98: 0 | P98: 0 | Q98: 0 | R98: 0 | S98: 0 | T98: 0 | U98: 0 | V98: 0 | W98: 0 | X98: 0 | Y98: 0 | Z98: 0 | AA98: 0 | AB98: 0 | AC98: 0 | AD98: 0 | AE98: 0 | AF98: 0 | AG98: 0 | AH98: 0 | AI98: 0 | AJ98: 0 | AK98: 0 | AL98: 0 | AM98: 0 | AN98: 0 | AO98: 0 | AP98: 0 | AQ98: 0 | AR98: 0 | AS98: 0 | AT98: 0 | AU98: 0 | AV98: 0 | AW98: 0 | AX98: 0 | AY98: 0 | AZ98: 0 | BA98: 0 | BB98: 0 | BC98: 0 | BD98: 0 | BE98: 0 | BF98: 0 | BG98: =G98-H98+I98-J98+K98-L98+M98-N98+O98-P98+Q98-R98+S98-T98+U98-V98+W98-X98+Y98-Z98+AA98-AB98+AC98-AD98+AE98-AF98+AG98-AH98+AI98-AJ98+AK98-AL98+AM98-AN98+AO98-AP98+AQ98-AR98+AS98-AT98+AU98-AV98+AW98-AX98+AY98-AZ98+BA98-BB98+BC98-BD98+BE98-BF98 -> 0 | BH98: 1 | BI98: =C98*BH98 -> 400 | BJ98: =D98*BH98 -> 400 | BK98: =E98*BH98 -> 0
A99: Tinidazole 200mg/ml Oral Suspension | B99: ea | C99: =SUM(G99+I99+K99+M99+O99+Q99+S99+U99+W99+Y99+AA99+AC99+AE99+AG99+AI99+AK99+AM99+AO99+AQ99+AS99+AU99+AW99+AY99+BA99+BC99+BE99) -> 2400 | D99: =SUM(H99+J99+L99+N99+P99+R99+T99+V99+X99+Z99+AB99+AD99+AF99+AJ99+AH99+AL99+AN99+AP99+AR99+AT99+AV99+AX99+AZ99+BB99+BD99+BF99) -> 2400 | E99: =C99-D99 -> 0 | G99: 0 | H99: 0 | I99: 0 | J99: 0 | K99: 0 | L99: 0 | M99: 2400 | N99: 2400 | O99: 0 | P99: 0 | Q99: 0 | R99: 0 | S99: 0 | T99: 0 | U99: 0 | V99: 0 | W99: 0 | X99: 0 | Y99: 0 | Z99: 0 | AA99: 0 | AB99: 0 | AC99: 0 | AD99: 0 | AE99: 0 | AF99: 0 | AG99: 0 | AH99: 0 | AI99: 0 | AJ99: 0 | AK99: 0 | AL99: 0 | AM99: 0 | AN99: 0 | AO99: 0 | AP99: 0 | AQ99: 0 | AR99: 0 | AS99: 0 | AT99: 0 | AU99: 0 | AV99: 0 | AW99: 0 | AX99: 0 | AY99: 0 | AZ99: 0 | BA99: 0 | BB99: 0 | BC99: 0 | BD99: 0 | BE99: 0 | BF99: 0 | BG99: =G99-H99+I99-J99+K99-L99+M99-N99+O99-P99+Q99-R99+S99-T99+U99-V99+W99-X99+Y99-Z99+AA99-AB99+AC99-AD99+AE99-AF99+AG99-AH99+AI99-AJ99+AK99-AL99+AM99-AN99+AO99-AP99+AQ99-AR99+AS99-AT99+AU99-AV99+AW99-AX99+AY99-AZ99+BA99-BB99+BC99-BD99+BE99-BF99 -> 0 | BH99: 2 | BI99: =C99*BH99 -> 4800 | BJ99: =D99*BH99 -> 4800 | BK99: =E99*BH99 -> 0
A100: Folic Acid Liquid 5mg/5ml x120ml | B100: ea | C100: =SUM(G100+I100+K100+M100+O100+Q100+S100+U100+W100+Y100+AA100+AC100+AE100+AG100+AI100+AK100+AM100+AO100+AQ100+AS100+AU100+AW100+AY100+BA100+BC100+BE100) -> 100 | D100: =SUM(H100+J100+L100+N100+P100+R100+T100+V100+X100+Z100+AB100+AD100+AF100+AJ100+AH100+AL100+AN100+AP100+AR100+AT100+AV100+AX100+AZ100+BB100+BD100+BF100) -> 100 | E100: =C100-D100 -> 0 | G100: 0 | H100: 0 | I100: 0 | J100: 0 | K100: 0 | L100: 0 | M100: 100 | N100: 100 | O100: 0 | P100: 0 | Q100: 0 | R100: 0 | S100: 0 | T100: 0 | U100: 0 | V100: 0 | W100: 0 | X100: 0 | Y100: 0 | Z100: 0 | AA100: 0 | AB100: 0 | AC100: 0 | AD100: 0 | AE100: 0 | AF100: 0 | AG100: 0 | AH100: 0 | AI100: 0 | AJ100: 0 | AK100: 0 | AL100: 0 | AM100: 0 | AN100: 0 | AO100: 0 | AP100: 0 | AQ100: 0 | AR100: 0 | AS100: 0 | AT100: 0 | AU100: 0 | AV100: 0 | AW100: 0 | AX100: 0 | AY100: 0 | AZ100: 0 | BA100: 0 | BB100: 0 | BC100: 0 | BD100: 0 | BE100: 0 | BF100: 0 | BG100: =G100-H100+I100-J100+K100-L100+M100-N100+O100-P100+Q100-R100+S100-T100+U100-V100+W100-X100+Y100-Z100+AA100-AB100+AC100-AD100+AE100-AF100+AG100-AH100+AI100-AJ100+AK100-AL100+AM100-AN100+AO100-AP100+AQ100-AR100+AS100-AT100+AU100-AV100+AW100-AX100+AY100-AZ100+BA100-BB100+BC100-BD100+BE100-BF100 -> 0 | BH100: 1.5 | BI100: =C100*BH100 -> 150 | BJ100: =D100*BH100 -> 150 | BK100: =E100*BH100 -> 0
A101: Ciprofloxacin Solution for Injection 200mg/ 100ml | B101: ea | C101: =SUM(G101+I101+K101+M101+O101+Q101+S101+U101+W101+Y101+AA101+AC101+AE101+AG101+AI101+AK101+AM101+AO101+AQ101+AS101+AU101+AW101+AY101+BA101+BC101+BE101) -> 350 | D101: =SUM(H101+J101+L101+N101+P101+R101+T101+V101+X101+Z101+AB101+AD101+AF101+AJ101+AH101+AL101+AN101+AP101+AR101+AT101+AV101+AX101+AZ101+BB101+BD101+BF101) -> 350 | E101: =C101-D101 -> 0 | G101: 0 | H101: 0 | I101: 0 | J101: 0 | K101: 0 | L101: 0 | M101: 350 | N101: 350 | O101: 0 | P101: 0 | Q101: 0 | R101: 0 | S101: 0 | T101: 0 | U101: 0 | V101: 0 | W101: 0 | X101: 0 | Y101: 0 | Z101: 0 | AA101: 0 | AB101: 0 | AC101: 0 | AD101: 0 | AE101: 0 | AF101: 0 | AG101: 0 | AH101: 0 | AI101: 0 | AJ101: 0 | AK101: 0 | AL101: 0 | AM101: 0 | AN101: 0 | AO101: 0 | AP101: 0 | AQ101: 0 | AR101: 0 | AS101: 0 | AT101: 0 | AU101: 0 | AV101: 0 | AW101: 0 | AX101: 0 | AY101: 0 | AZ101: 0 | BA101: 0 | BB101: 0 | BC101: 0 | BD101: 0 | BE101: 0 | BF101: 0 | BG101: =G101-H101+I101-J101+K101-L101+M101-N101+O101-P101+Q101-R101+S101-T101+U101-V101+W101-X101+Y101-Z101+AA101-AB101+AC101-AD101+AE101-AF101+AG101-AH101+AI101-AJ101+AK101-AL101+AM101-AN101+AO101-AP101+AQ101-AR101+AS101-AT101+AU101-AV101+AW101-AX101+AY101-AZ101+BA101-BB101+BC101-BD101+BE101-BF101 -> 0 | BH101: 2 | BI101: =C101*BH101 -> 700 | BJ101: =D101*BH101 -> 700 | BK101: =E101*BH101 -> 0
A102: Lasurtin D Anti-flu Syrup 10mg x120ml | B102: ea | C102: =SUM(G102+I102+K102+M102+O102+Q102+S102+U102+W102+Y102+AA102+AC102+AE102+AG102+AI102+AK102+AM102+AO102+AQ102+AS102+AU102+AW102+AY102+BA102+BC102+BE102) -> 200 | D102: =SUM(H102+J102+L102+N102+P102+R102+T102+V102+X102+Z102+AB102+AD102+AF102+AJ102+AH102+AL102+AN102+AP102+AR102+AT102+AV102+AX102+AZ102+BB102+BD102+BF102) -> 200 | E102: =C102-D102 -> 0 | G102: 0 | H102: 0 | I102: 0 | J102: 0 | K102: 0 | L102: 0 | M102: 200 | N102: 200 | O102: 0 | P102: 0 | Q102: 0 | R102: 0 | S102: 0 | T102: 0 | U102: 0 | V102: 0 | W102: 0 | X102: 0 | Y102: 0 | Z102: 0 | AA102: 0 | AB102: 0 | AC102: 0 | AD102: 0 | AE102: 0 | AF102: 0 | AG102: 0 | AH102: 0 | AI102: 0 | AJ102: 0 | AK102: 0 | AL102: 0 | AM102: 0 | AN102: 0 | AO102: 0 | AP102: 0 | AQ102: 0 | AR102: 0 | AS102: 0 | AT102: 0 | AU102: 0 | AV102: 0 | AW102: 0 | AX102: 0 | AY102: 0 | AZ102: 0 | BA102: 0 | BB102: 0 | BC102: 0 | BD102: 0 | BE102: 0 | BF102: 0 | BG102: =G102-H102+I102-J102+K102-L102+M102-N102+O102-P102+Q102-R102+S102-T102+U102-V102+W102-X102+Y102-Z102+AA102-AB102+AC102-AD102+AE102-AF102+AG102-AH102+AI102-AJ102+AK102-AL102+AM102-AN102+AO102-AP102+AQ102-AR102+AS102-AT102+AU102-AV102+AW102-AX102+AY102-AZ102+BA102-BB102+BC102-BD102+BE102-BF102 -> 0 | BH102: 2 | BI102: =C102*BH102 -> 400 | BJ102: =D102*BH102 -> 400 | BK102: =E102*BH102 -> 0
A103: Cephalexin 250mg/5ml x120ml | B103: ea | C103: =SUM(G103+I103+K103+M103+O103+Q103+S103+U103+W103+Y103+AA103+AC103+AE103+AG103+AI103+AK103+AM103+AO103+AQ103+AS103+AU103+AW103+AY103+BA103+BC103+BE103) -> 300 | D103: =SUM(H103+J103+L103+N103+P103+R103+T103+V103+X103+Z103+AB103+AD103+AF103+AJ103+AH103+AL103+AN103+AP103+AR103+AT103+AV103+AX103+AZ103+BB103+BD103+BF103) -> 300 | E103: =C103-D103 -> 0 | G103: 0 | H103: 0 | I103: 0 | J103: 0 | K103: 0 | L103: 0 | M103: 300 | N103: 300 | O103: 0 | P103: 0 | Q103: 0 | R103: 0 | S103: 0 | T103: 0 | U103: 0 | V103: 0 | W103: 0 | X103: 0 | Y103: 0 | Z103: 0 | AA103: 0 | AB103: 0 | AC103: 0 | AD103: 0 | AE103: 0 | AF103: 0 | AG103: 0 | AH103: 0 | AI103: 0 | AJ103: 0 | AK103: 0 | AL103: 0 | AM103: 0 | AN103: 0 | AO103: 0 | AP103: 0 | AQ103: 0 | AR103: 0 | AS103: 0 | AT103: 0 | AU103: 0 | AV103: 0 | AW103: 0 | AX103: 0 | AY103: 0 | AZ103: 0 | BA103: 0 | BB103: 0 | BC103: 0 | BD103: 0 | BE103: 0 | BF103: 0 | BG103: =G103-H103+I103-J103+K103-L103+M103-N103+O103-P103+Q103-R103+S103-T103+U103-V103+W103-X103+Y103-Z103+AA103-AB103+AC103-AD103+AE103-AF103+AG103-AH103+AI103-AJ103+AK103-AL103+AM103-AN103+AO103-AP103+AQ103-AR103+AS103-AT103+AU103-AV103+AW103-AX103+AY103-AZ103+BA103-BB103+BC103-BD103+BE103-BF103 -> 0 | BH103: 1.4 | BI103: =C103*BH103 -> 420 | BJ103: =D103*BH103 -> 420 | BK103: =E103*BH103 -> 0
... A114: Folic Acid 5mg/5ml 120ml | B114: ea | C114: =SUM(G114+I114+K114+M114+O114+Q114+S114+U114+W114+Y114+AA114+AC114+AE114+AG114+AI114+AK114+AM114+AO114+AQ114+AS114+AU114+AW114+AY114+BA114+BC114+BE114) -> 100 | D114: =SUM(H114+J114+L114+N114+P114+R114+T114+V114+X114+Z114+AB114+AD114+AF114+AJ114+AH114+AL114+AN114+AP114+AR114+AT114+AV114+AX114+AZ114+BB114+BD114+BF114) -> 100 | E114: =C114-D114 -> 0 | G114: 0 | H114: 0 | I114: 0 | J114: 0 | K114: 0 | L114: 0 | M114: 100 | N114: 100 | O114: 0 | P114: 0 | Q114: 0 | R114: 0 | S114: 0 | T114: 0 | U114: 0 | V114: 0 | W114: 0 | X114: 0 | Y114: 0 | Z114: 0 | AA114: 0 | AB114: 0 | AC114: 0 | AD114: 0 | AE114: 0 | AF114: 0 | AG114: 0 | AH114: 0 | AI114: 0 | AJ114: 0 | AK114: 0 | AL114: 0 | AM114: 0 | AN114: 0 | AO114: 0 | AP114: 0 | AQ114: 0 | AR114: 0 | AS114: 0 | AT114: 0 | AU114: 0 | AV114: 0 | AW114: 0 | AX114: 0 | AY114: 0 | AZ114: 0 | BA114: 0 | BB114: 0 | BC114: 0 | BD114: 0 | BE114: 0 | BF114: 0 | BG114: =G114-H114+I114-J114+K114-L114+M114-N114+O114-P114+Q114-R114+S114-T114+U114-V114+W114-X114+Y114-Z114+AA114-AB114+AC114-AD114+AE114-AF114+AG114-AH114+AI114-AJ114+AK114-AL114+AM114-AN114+AO114-AP114+AQ114-AR114+AS114-AT114+AU114-AV114+AW114-AX114+AY114-AZ114+BA114-BB114+BC114-BD114+BE114-BF114 -> 0 | BH114: 1.5 | BI114: =C114*BH114 -> 150 | BJ114: =D114*BH114 -> 150 | BK114: =E114*BH114 -> 0
BI130: =SUM(BI3:BI129) -> 11950200 | BJ130: =SUM(BJ3:BJ129) -> 230342.43 | BK130: =SUM(BK3:BK129) -> 11719858

Sheet Shelter&NFI
A1: Description of Items | B1: Unit | C1: Total Quantity Received | D1: Total Quantity Issued | E1: Quantity in store | F1: Location | G1: 45960 | I1: 45961 | K1: 45962 | M1: 45963 | O1: 45964 | Q1: 45965 | S1: 45966 | U1: 45967 | W1: 45968 | Y1: 45969 | AA1: 45970 | AC1: 45971 | AE1: 45972 | AG1: 45973 | AI1: 45974 | AK1: 45975 | AM1: 45976 | AO1: 45977 | AQ1: 45978 | AS1: 45979 | AU1: 45980 | AW1: 45981 | AY1: 45982 | BA1: 45983 | BC1: 45984 | BE1: 45985 | BG1: Quantity in Store | BH1: Unit Cost | BI1: Total Cost (USD) | BJ1: Issued (USD) | BK1: Balance (USD)
G2: Received | H2: Issue | I2: Received | J2: Issue | K2: Received | L2: Issued | M2: Received | N2: Issued | O2: Received | P2: Issued | Q2: Received | R2: Issued | S2: Received | T2: Issued | U2: Received | V2: Issued | W2: Received | X2: Issued | Y2: Received | Z2: Issued | AA2: Received | AB2: Issued | AC2: Received | AD2: Issued | AE2: Received | AF2: Issued | AG2: Received | AH2: Issued | AI2: Received | AJ2: Issued | AK2: Received | AL2: Issued | AM2: Received | AN2: Issued | AO2: Received | AP2: Issued | AQ2: Received | AR2: Issued | AS2: Received | AT2: Issued | AU2: Received | AV2: Issued | AW2: Received | AX2: Issued | AY2: Received | AZ2: Issued | BA2: Received | BB2: Issued | BC2: Received | BD2: Issued | BE2: Received | BF2: Issued
A3: Inflatable Bed | B3: ea | C3: =SUM(G3+I3+K3+M3+O3+Q3+S3+U3+W3+Y3+AA3+AC3+AE3+AG3+AI3+AK3+AM3+AQ3+AS3+AU3+AW3+AY3+BA3+BC3+BE3) -> 80 | D3: =SUM(H3+J3+L3+N3+P3+R3+T3+V3+X3+Z3+AB3+AD3+AF3+AH3+AJ3+AL3+AN3+AR3+AT3+AV3+AX3+AZ3+BB3+BD3+BF3) -> 73 | E3: =C3-D3 -> 7 | F3: MG | G3: 80 | H3: 0 | I3: 0 | J3: 0 | K3: =I3-J3 -> 0 | L3: 0 | M3: =K3-L3 -> 0 | N3: 0 | O3: =M3-N3 -> 0 | P3: 0 | Q3: =O3-P3 -> 0 | R3: 0 | S3: =Q3-R3 -> 0 | T3: 73 | U3: 0 | V3: 0 | W3: 0 | X3: 0 | Y3: 0 | Z3: 0 | AA3: 0 | AB3: 0 | AC3: 0 | AD3: 0 | AE3: 0 | AF3: 0 | AG3: 0 | AH3: 0 | AI3: 0 | AJ3: 0 | AK3: 0 | AL3: 0 | AM3: 0 | AN3: 0 | AO3: 0 | AP3: 0 | AQ3: 0 | AR3: 0 | AS3: 0 | AT3: 0 | AU3: 0 | AV3: 0 | AW3: 0 | AX3: 0 | AY3: 0 | AZ3: 0 | BA3: 0 | BB3: 0 | BC3: 0 | BD3: 0 | BE3: 0 | BF3: 0 | BG3: =G3-H3+I3-J3+K3-L3+M3-N3+O3-P3+Q3-R3+S3-T3+U3-V3+W3-X3+Y3-Z3+AA3-AB3+AC3-AD3+AE3-AF3+AG3-AH3+AI3-AJ3+AK3-AL3+AM3-AN3+AO3-AP3+AQ3-AR3+AS3-AT3+AU3-AV3+AW3-AX3+AY3-AZ3+BA3-BB3+BC3-BD3+BE3-BF3 -> 7 | BH3: 70 | BI3: =C3*BH3 -> 5600 | BJ3: =D3*BH3 -> 5110 | BK3: =E3*BH3 -> 490
A4: Mattress (Double) | B4: ea | C4: =SUM(G4+I4+K4+M4+O4+Q4+S4+U4+W4+Y4+AA4+AC4+AE4+AG4+AI4+AK4+AM4+AQ4+AS4+AU4+AW4+AY4+BA4+BC4+BE4) -> 60 | D4: =SUM(H4+J4+L4+N4+P4+R4+T4+V4+X4+Z4+AB4+AD4+AF4+AH4+AJ4+AL4+AN4+AR4+AT4+AV4+AX4+AZ4+BB4+BD4+BF4) -> 60 | E4: =C4-D4 -> 0 | F4: MG | G4: 60 | H4: 0 | I4: 0 | J4: 0 | K4: 0 | L4: 0 | M4: 0 | N4: 0 | O4: 0 | P4: 0 | Q4: 0 | R4: 0 | S4: 0 | T4: 0 | U4: 0 | V4: 0 | W4: 0 | X4: 0 | Y4: 0 | Z4: 0 | AA4: 0 | AB4: 0 | AC4: 0 | AD4: 0 | AE4: 0 | AF4: 0 | AG4: 0 | AH4: 0 | AI4: 0 | AJ4: 0 | AK4: 0 | AL4: 0 | AM4: 0 | AN4: =10+10+20 -> 40 | AO4: 0 | AP4: 0 | AQ4: 0 | AR4: 0 | AS4: 0 | AT4: 0 | AU4: 0 | AV4: 0 | AW4: 0 | AX4: =2+8 -> 10 | AY4: 0 | AZ4: 10 | BA4: 0 | BB4: 0 | BC4: 0 | BD4: 0 | BE4: 0 | BF4: 0 | BG4: =G4-H4+I4-J4+K4-L4+M4-N4+O4-P4+Q4-R4+S4-T4+U4-V4+W4-X4+Y4-Z4+AA4-AB4+AC4-AD4+AE4-AF4+AG4-AH4+AI4-AJ4+AK4-AL4+AM4-AN4+AO4-AP4+AQ4-AR4+AS4-AT4+AU4-AV4+AW4-AX4+AY4-AZ4+BA4-BB4+BC4-BD4+BE4-BF4 -> 0 | BH4: 200 | BI4: =C4*BH4 -> 12000 | BJ4: =D4*BH4 -> 12000 | BK4: =E4*BH4 -> 0
A5: Mattress (Twin) | B5: ea | C5: =SUM(G5+I5+K5+M5+O5+Q5+S5+U5+W5+Y5+AA5+AC5+AE5+AG5+AI5+AK5+AM5+AQ5+AS5+AU5+AW5+AY5+BA5+BC5+BE5) -> 510 | D5: =SUM(H5+J5+L5+N5+P5+R5+T5+V5+X5+Z5+AB5+AD5+AF5+AH5+AJ5+AL5+AN5+AR5+AT5+AV5+AX5+AZ5+BB5+BD5+BF5) -> 510 | E5: =C5-D5 -> 0 | F5: MG | G5: 0 | H5: 0 | I5: 0 | J5: 0 | K5: 0 | L5: 0 | M5: 0 | N5: 0 | O5: 0 | P5: 0 | Q5: 0 | R5: 0 | S5: 500 | T5: 0 | U5: 0 | V5: 0 | W5: 0 | X5: 0 | Y5: 0 | Z5: 0 | AA5: 0 | AB5: 0 | AC5: 0 | AD5: 0 | AE5: 0 | AF5: 0 | AG5: 0 | AH5: 0 | AI5: 0 | AJ5: 0 | AK5: 0 | AL5: 0 | AM5: 0 | AN5: =100+125+150 -> 375 | AO5: 0 | AP5: 0 | AQ5: 0 | AR5: 0 | AS5: 0 | AT5: 0 | AU5: 0 | AV5: 0 | AW5: 0 | AX5: 25 | AY5: 0 | AZ5: 100 | BA5: 10 | BB5: 10 | BC5: 0 | BD5: 0 | BE5: 0 | BF5: 0 | BG5: =G5-H5+I5-J5+K5-L5+M5-N5+O5-P5+Q5-R5+S5-T5+U5-V5+W5-X5+Y5-Z5+AA5-AB5+AC5-AD5+AE5-AF5+AG5-AH5+AI5-AJ5+AK5-AL5+AM5-AN5+AO5-AP5+AQ5-AR5+AS5-AT5+AU5-AV5+AW5-AX5+AY5-AZ5+BA5-BB5+BC5-BD5+BE5-BF5 -> 0 | BH5: 80 | BI5: =C5*BH5 -> 40800 | BJ5: =D5*BH5 -> 40800 | BK5: =E5*BH5 -> 0
A6: 8 x 6 Tarpaulin | B6: ea | C6: =SUM(G6+I6+K6+M6+O6+Q6+S6+U6+W6+Y6+AA6+AC6+AE6+AG6+AI6+AK6+AM6+AQ6+AS6+AU6+AW6+AY6+BA6+BC6+BE6) -> 8 | D6: =SUM(H6+J6+L6+N6+P6+R6+T6+V6+X6+Z6+AB6+AD6+AF6+AH6+AJ6+AL6+AN6+AR6+AT6+AV6+AX6+AZ6+BB6+BD6+BF6) -> 0 | E6: =C6-D6 -> 8 | F6: Mobay | G6: 0 | H6: 0 | I6: 0 | J6: 0 | K6: 0 | L6: 0 | M6: 0 | N6: 0 | O6: 0 | P6: 0 | Q6: 0 | R6: 0 | S6: 0 | T6: 0 | U6: 0 | V6: 0 | W6: 0 | X6: 0 | Y6: 0 | Z6: 0 | AA6: 0 | AB6: 0 | AC6: 0 | AD6: 0 | AE6: 0 | AF6: 0 | AG6: 0 | AH6: 0 | AI6: 8 | AJ6: 0 | AK6: 0 | AL6: 0 | AM6: 0 | AN6: 0 | AO6: 0 | AP6: 0 | AQ6: 0 | AR6: 0 | AS6: 0 | AT6: 0 | AU6: 0 | AV6: 0 | AW6: 0 | AX6: 0 | AY6: 0 | AZ6: 0 | BA6: 0 | BB6: 0 | BC6: 0 | BD6: 0 | BE6: 0 | BF6: 0 | BG6: =G6-H6+I6-J6+K6-L6+M6-N6+O6-P6+Q6-R6+S6-T6+U6-V6+W6-X6+Y6-Z6+AA6-AB6+AC6-AD6+AE6-AF6+AG6-AH6+AI6-AJ6+AK6-AL6+AM6-AN6+AO6-AP6+AQ6-AR6+AS6-AT6+AU6-AV6+AW6-AX6+AY6-AZ6+BA6-BB6+BC6-BD6+BE6-BF6 -> 8 | BH6: 21.99 | BI6: =C6*BH6 -> 175.92 | BJ6: =D6*BH6 -> 0 | BK6: =E6*BH6 -> 175.92
A7: 9 x 9 Tarpaulin | B7: ea | C7: =SUM(G7+I7+K7+M7+O7+Q7+S7+U7+W7+Y7+AA7+AC7+AE7+AG7+AI7+AK7+AM7+AQ7+AS7+AU7+AW7+AY7+BA7+BC7+BE7) -> 1 | D7: =SUM(H7+J7+L7+N7+P7+R7+T7+V7+X7+Z7+AB7+AD7+AF7+AH7+AJ7+AL7+AN7+AR7+AT7+AV7+AX7+AZ7+BB7+BD7+BF7) -> 0 | E7: =C7-D7 -> 1 | F7: Mobay | G7: 0 | H7: 0 | I7: 0 | J7: 0 | K7: 0 | L7: 0 | M7: 0 | N7: 0 | O7: 0 | P7: 0 | Q7: 0 | R7: 0 | S7: 0 | T7: 0 | U7: 0 | V7: 0 | W7: 0 | X7: 0 | Y7: 0 | Z7: 0 | AA7: 0 | AB7: 0 | AC7: 0 | AD7: 0 | AE7: 0 | AF7: 0 | AG7: 0 | AH7: 0 | AI7: 1 | AJ7: 0 | AK7: 0 | AL7: 0 | AM7: 0 | AN7: 0 | AO7: 0 | AP7: 0 | AQ7: 0 | AR7: 0 | AS7: 0 | AT7: 0 | AU7: 0 | AV7: 0 | AW7: 0 | AX7: 0 | AY7: 0 | AZ7: 0 | BA7: 0 | BB7: 0 | BC7: 0 | BD7: 0 | BE7: 0 | BF7: 0 | BG7: =G7-H7+I7-J7+K7-L7+M7-N7+O7-P7+Q7-R7+S7-T7+U7-V7+W7-X7+Y7-Z7+AA7-AB7+AC7-AD7+AE7-AF7+AG7-AH7+AI7-AJ7+AK7-AL7+AM7-AN7+AO7-AP7+AQ7-AR7+AS7-AT7+AU7-AV7+AW7-AX7+AY7-AZ7+BA7-BB7+BC7-BD7+BE7-BF7 -> 1 | BH7: 21.99 | BI7: =C7*BH7 -> 21.99 | BJ7: =D7*BH7 -> 0 | BK7: =E7*BH7 -> 21.99
A8: 4 x 6 Tarpaulin | B8: ea | C8: =SUM(G8+I8+K8+M8+O8+Q8+S8+U8+W8+Y8+AA8+AC8+AE8+AG8+AI8+AK8+AM8+AQ8+AS8+AU8+AW8+AY8+BA8+BC8+BE8) -> 2 | D8: =SUM(H8+J8+L8+N8+P8+R8+T8+V8+X8+Z8+AB8+AD8+AF8+AH8+AJ8+AL8+AN8+AR8+AT8+AV8+AX8+AZ8+BB8+BD8+BF8) -> 0 | E8: =C8-D8 -> 2 | F8: Mobay | G8: 0 | H8: 0 | I8: 0 | J8: 0 | K8: 0 | L8: 0 | M8: 0 | N8: 0 | O8: 0 | P8: 0 | Q8: 0 | R8: 0 | S8: 0 | T8: 0 | U8: 0 | V8: 0 | W8: 0 | X8: 0 | Y8: 0 | Z8: 0 | AA8: 0 | AB8: 0 | AC8: 0 | AD8: 0 | AE8: 0 | AF8: 0 | AG8: 0 | AH8: 0 | AI8: 2 | AJ8: 0 | AK8: 0 | AL8: 0 | AM8: 0 | AN8: 0 | AO8: 0 | AP8: 0 | AQ8: 0 | AR8: 0 | AS8: 0 | AT8: 0 | AU8: 0 | AV8: 0 | AW8: 0 | AX8: 0 | AY8: 0 | AZ8: 0 | BA8: 0 | BB8: 0 | BC8: 0 | BD8: 0 | BE8: 0 | BF8: 0 | BG8: =G8-H8+I8-J8+K8-L8+M8-N8+O8-P8+Q8-R8+S8-T8+U8-V8+W8-X8+Y8-Z8+AA8-AB8+AC8-AD8+AE8-AF8+AG8-AH8+AI8-AJ8+AK8-AL8+AM8-AN8+AO8-AP8+AQ8-AR8+AS8-AT8+AU8-AV8+AW8-AX8+AY8-AZ8+BA8-BB8+BC8-BD8+BE8-BF8 -> 2 | BH8: 21.99 | BI8: =C8*BH8 -> 43.98 | BJ8: =D8*BH8 -> 0 | BK8: =E8*BH8 -> 43.98
A9: 8 x 10 Tarpaulin | B9: ea | C9: =SUM(G9+I9+K9+M9+O9+Q9+S9+U9+W9+Y9+AA9+AC9+AE9+AG9+AI9+AK9+AM9+AQ9+AS9+AU9+AW9+AY9+BA9+BC9+BE9) -> 3 | D9: =SUM(H9+J9+L9+N9+P9+R9+T9+V9+X9+Z9+AB9+AD9+AF9+AH9+AJ9+AL9+AN9+AR9+AT9+AV9+AX9+AZ9+BB9+BD9+BF9) -> 0 | E9: =C9-D9 -> 3 | F9: Mobay | G9: 0 | H9: 0 | I9: 0 | J9: 0 | K9: 0 | L9: 0 | M9: 0 | N9: 0 | O9: 0 | P9: 0 | Q9: 0 | R9: 0 | S9: 0 | T9: 0 | U9: 0 | V9: 0 | W9: 0 | X9: 0 | Y9: 0 | Z9: 0 | AA9: 0 | AB9: 0 | AC9: 0 | AD9: 0 | AE9: 0 | AF9: 0 | AG9: 0 | AH9: 0 | AI9: 0 | AJ9: 0 | AK9: 0 | AL9: 0 | AM9: 0 | AN9: 0 | AO9: 0 | AP9: 0 | AQ9: 0 | AR9: 0 | AS9: 3 | AT9: 0 | AU9: 0 | AV9: 0 | AW9: 0 | AX9: 0 | AY9: 0 | AZ9: 0 | BA9: 0 | BB9: 0 | BC9: 0 | BD9: 0 | BE9: 0 | BF9: 0 | BG9: =G9-H9+I9-J9+K9-L9+M9-N9+O9-P9+Q9-R9+S9-T9+U9-V9+W9-X9+Y9-Z9+AA9-AB9+AC9-AD9+AE9-AF9+AG9-AH9+AI9-AJ9+AK9-AL9+AM9-AN9+AO9-AP9+AQ9-AR9+AS9-AT9+AU9-AV9+AW9-AX9+AY9-AZ9+BA9-BB9+BC9-BD9+BE9-BF9 -> 3 | BH9: 21.99 | BI9: =C9*BH9 -> 65.97 | BJ9: =D9*BH9 -> 0 | BK9: =E9*BH9 -> 65.97
A10: 12 x 15 Tarpaulin | B10: ea | C10: =SUM(G10+I10+K10+M10+O10+Q10+S10+U10+W10+Y10+AA10+AC10+AE10+AG10+AI10+AK10+AM10+AQ10+AS10+AU10+AW10+AY10+BA10+BC10+BE10) -> 5 | D10: =SUM(H10+J10+L10+N10+P10+R10+T10+V10+X10+Z10+AB10+AD10+AF10+AH10+AJ10+AL10+AN10+AR10+AT10+AV10+AX10+AZ10+BB10+BD10+BF10) -> 5 | E10: =C10-D10 -> 0 | F10: Mobay - 4 | G10: 0 | H10: 0 | I10: 0 | J10: 0 | K10: 0 | L10: 0 | M10: 0 | N10: 0 | O10: 0 | P10: 0 | Q10: 0 | R10: 0 | S10: 0 | T10: 0 | U10: 0 | V10: 0 | W10: 0 | X10: 0 | Y10: 0 | Z10: 0 | AA10: 0 | AB10: 0 | AC10: 0 | AD10: 0 | AE10: 0 | AF10: 0 | AG10: 0 | AH10: 0 | AI10: 0 | AJ10: 0 | AK10: 0 | AL10: 0 | AM10: 0 | AN10: 0 | AO10: 0 | AP10: 0 | AQ10: 0 | AR10: 0 | AS10: 5 | AT10: 0 | AU10: 0 | AV10: 0 | AW10: 0 | AX10: 0 | AY10: 0 | AZ10: 0 | BA10: 0 | BB10: 5 | BC10: 0 | BD10: 0 | BE10: 0 | BF10: 0 | BG10: =G10-H10+I10-J10+K10-L10+M10-N10+O10-P10+Q10-R10+S10-T10+U10-V10+W10-X10+Y10-Z10+AA10-AB10+AC10-AD10+AE10-AF10+AG10-AH10+AI10-AJ10+AK10-AL10+AM10-AN10+AO10-AP10+AQ10-AR10+AS10-AT10+AU10-AV10+AW10-AX10+AY10-AZ10+BA10-BB10+BC10-BD10+BE10-BF10 -> 0 | BH10: 56 | BI10: =C10*BH10 -> 280 | BJ10: =D10*BH10 -> 280 | BK10: =E10*BH10 -> 0
A11: 12 x 16 Tarpaulin | B11: ea | C11: =SUM(G11+I11+K11+M11+O11+Q11+S11+U11+W11+Y11+AA11+AC11+AE11+AG11+AI11+AK11+AM11+AQ11+AS11+AU11+AW11+AY11+BA11+BC11+BE11) -> 52 | D11: =SUM(H11+J11+L11+N11+P11+R11+T11+V11+X11+Z11+AB11+AD11+AF11+AH11+AJ11+AL11+AN11+AR11+AT11+AV11+AX11+AZ11+BB11+BD11+BF11) -> 50 | E11: =C11-D11 -> 2 | G11: 50 | H11: 0 | I11: 0 | J11: 0 | K11: 0 | L11: 0 | M11: 0 | N11: 0 | O11: 0 | P11: 50 | Q11: 0 | R11: 0 | S11: 0 | T11: 0 | U11: 0 | V11: 0 | W11: 0 | X11: 0 | Y11: 0 | Z11: 0 | AA11: 0 | AB11: 0 | AC11: 0 | AD11: 0 | AE11: 0 | AF11: 0 | AG11: 0 | AH11: 0 | AI11: 0 | AJ11: 0 | AK11: 0 | AL11: 0 | AM11: 0 | AN11: 0 | AO11: 0 | AP11: 0 | AQ11: 0 | AR11: 0 | AS11: 0 | AT11: 0 | AU11: 2 | AV11: 0 | AW11: 0 | AX11: 0 | AY11: 0 | AZ11: 0 | BA11: 0 | BB11: 0 | BC11: 0 | BD11: 0 | BE11: 0 | BF11: 0 | BG11: =G11-H11+I11-J11+K11-L11+M11-N11+O11-P11+Q11-R11+S11-T11+U11-V11+W11-X11+Y11-Z11+AA11-AB11+AC11-AD11+AE11-AF11+AG11-AH11+AI11-AJ11+AK11-AL11+AM11-AN11+AO11-AP11+AQ11-AR11+AS11-AT11+AU11-AV11+AW11-AX11+AY11-AZ11+BA11-BB11+BC11-BD11+BE11-BF11 -> 2 | BH11: 17 | BI11: =C11*BH11 -> 884 | BJ11: =D11*BH11 -> 850 | BK11: =E11*BH11 -> 34
A12: 12 x 20 Tarpaulin | B12: ea | C12: =SUM(G12+I12+K12+M12+O12+Q12+S12+U12+W12+Y12+AA12+AC12+AE12+AG12+AI12+AK12+AM12+AQ12+AS12+AU12+AW12+AY12+BA12+BC12+BE12) -> 143 | D12: =SUM(H12+J12+L12+N12+P12+R12+T12+V12+X12+Z12+AB12+AD12+AF12+AH12+AJ12+AL12+AN12+AR12+AT12+AV12+AX12+AZ12+BB12+BD12+BF12) -> 333 | E12: =C12-D12 -> -190 | G12: 30 | H12: 0 | I12: 0 | J12: 0 | K12: 0 | L12: 0 | M12: 0 | N12: 0 | O12: 0 | P12: 30 | Q12: 0 | R12: 0 | S12: 0 | T12: 0 | U12: 0 | V12: 0 | W12: 0 | X12: 0 | Y12: 113 | Z12: 0 | AA12: 0 | AB12: 0 | AC12: 0 | AD12: 0 | AE12: 0 | AF12: 0 | AG12: 0 | AH12: 0 | AI12: 0 | AJ12: 0 | AK12: 0 | AL12: 0 | AM12: 0 | AN12: 0 | AO12: 0 | AP12: 0 | AQ12: 0 | AR12: 0 | AS12: 0 | AT12: 0 | AU12: 0 | AV12: 0 | AW12: 0 | AX12: =50+63+140 -> 253 | AY12: 0 | AZ12: 50 | BA12: 0 | BB12: 0 | BC12: 0 | BD12: 0 | BE12: 0 | BF12: 0 | BG12: =G12-H12+I12-J12+K12-L12+M12-N12+O12-P12+Q12-R12+S12-T12+U12-V12+W12-X12+Y12-Z12+AA12-AB12+AC12-AD12+AE12-AF12+AG12-AH12+AI12-AJ12+AK12-AL12+AM12-AN12+AO12-AP12+AQ12-AR12+AS12-AT12+AU12-AV12+AW12-AX12+AY12-AZ12+BA12-BB12+BC12-BD12+BE12-BF12 -> -190 | BH12: 21 | BI12: =C12*BH12 -> 3003 | BJ12: =D12*BH12 -> 6993 | BK12: =E12*BH12 -> -3990
A13: 16 x 20 Tarpaulin | B13: ea | C13: =SUM(G13+I13+K13+M13+O13+Q13+S13+U13+W13+Y13+AA13+AC13+AE13+AG13+AI13+AK13+AM13+AQ13+AS13+AU13+AW13+AY13+BA13+BC13+BE13) -> 1169 | D13: =SUM(H13+J13+L13+N13+P13+R13+T13+V13+X13+Z13+AB13+AD13+AF13+AH13+AJ13+AL13+AN13+AR13+AT13+AV13+AX13+AZ13+BB13+BD13+BF13) -> 1005 | E13: =C13-D13 -> 164 | F13: MG, KW | G13: 57 | H13: 0 | I13: 0 | J13: 0 | K13: 0 | L13: 0 | M13: 0 | N13: 0 | O13: 0 | P13: 57 | Q13: 0 | R13: 0 | S13: 0 | T13: 0 | U13: 0 | V13: 0 | W13: 1000 | X13: 0 | Y13: =64+48 -> 112 | Z13: 0 | AA13: 0 | AB13: 0 | AC13: 0 | AD13: 0 | AE13: 0 | AF13: 0 | AG13: 0 | AH13: 0 | AI13: 0 | AJ13: 0 | AK13: 0 | AL13: 84 | AM13: 0 | AN13: =100+100+100 -> 300 | AO13: 0 | AP13: 0 | AQ13: 0 | AR13: 0 | AS13: 0 | AT13: 0 | AU13: 0 | AV13: 0 | AW13: 0 | AX13: 64 | AY13: 0 | AZ13: 500 | BA13: 0 | BB13: 0 | BC13: 0 | BD13: 0 | BE13: 0 | BF13: 0 | BG13: =G13-H13+I13-J13+K13-L13+M13-N13+O13-P13+Q13-R13+S13-T13+U13-V13+W13-X13+Y13-Z13+AA13-AB13+AC13-AD13+AE13-AF13+AG13-AH13+AI13-AJ13+AK13-AL13+AM13-AN13+AO13-AP13+AQ13-AR13+AS13-AT13+AU13-AV13+AW13-AX13+AY13-AZ13+BA13-BB13+BC13-BD13+BE13-BF13 -> 164 | BH13: 7.08 | BI13: =C13*BH13 -> 8276.52 | BJ13: =D13*BH13 -> 7115.4 | BK13: =E13*BH13 -> 1161.12
A14: 20 x 20 Tarpaulin | B14: ea | C14: =SUM(G14+I14+K14+M14+O14+Q14+S14+U14+W14+Y14+AA14+AC14+AE14+AG14+AI14+AK14+AM14+AQ14+AS14+AU14+AW14+AY14+BA14+BC14+BE14) -> 24 | D14: =SUM(H14+J14+L14+N14+P14+R14+T14+V14+X14+Z14+AB14+AD14+AF14+AH14+AJ14+AL14+AN14+AR14+AT14+AV14+AX14+AZ14+BB14+BD14+BF14) -> 24 | E14: =C14-D14 -> 0 | G14: 24 | H14: 0 | I14: 0 | J14: 0 | K14: 0 | L14: 0 | M14: 0 | N14: 0 | O14: 0 | P14: 24 | Q14: 0 | R14: 0 | S14: 0 | T14: 0 | U14: 0 | V14: 0 | W14: 0 | X14: 0 | Y14: 0 | Z14: 0 | AA14: 0 | AB14: 0 | AC14: 0 | AD14: 0 | AE14: 0 | AF14: 0 | AG14: 0 | AH14: 0 | AI14: 0 | AJ14: 0 | AK14: 0 | AL14: 0 | AM14: 0 | AN14: 0 | AO14: 0 | AP14: 0 | AQ14: 0 | AR14: 0 | AS14: 0 | AT14: 0 | AU14: 0 | AV14: 0 | AW14: 0 | AX14: 0 | AY14: 0 | AZ14: 0 | BA14: 0 | BB14: 0 | BC14: 0 | BD14: 0 | BE14: 0 | BF14: 0 | BG14: =G14-H14+I14-J14+K14-L14+M14-N14+O14-P14+Q14-R14+S14-T14+U14-V14+W14-X14+Y14-Z14+AA14-AB14+AC14-AD14+AE14-AF14+AG14-AH14+AI14-AJ14+AK14-AL14+AM14-AN14+AO14-AP14+AQ14-AR14+AS14-AT14+AU14-AV14+AW14-AX14+AY14-AZ14+BA14-BB14+BC14-BD14+BE14-BF14 -> 0 | BH14: 40 | BI14: =C14*BH14 -> 960 | BJ14: =D14*BH14 -> 960 | BK14: =E14*BH14 -> 0
A15: 4 x 6 mtr Tarpaulin | B15: ea | C15: =SUM(G15+I15+K15+M15+O15+Q15+S15+U15+W15+Y15+AA15+AC15+AE15+AG15+AI15+AK15+AM15+AQ15+AS15+AU15+AW15+AY15+BA15+BC15+BE15) -> 100 | D15: =SUM(H15+J15+L15+N15+P15+R15+T15+V15+X15+Z15+AB15+AD15+AF15+AH15+AJ15+AL15+AN15+AR15+AT15+AV15+AX15+AZ15+BB15+BD15+BF15) -> 100 | E15: =C15-D15 -> 0 | G15: 0 | H15: 0 | I15: 0 | J15: 0 | K15: 0 | L15: 0 | M15: 0 | N15: 0 | O15: 0 | P15: 0 | Q15: 0 | R15: 0 | S15: 0 | T15: 0 | U15: 100 | V15: 0 | W15: 0 | X15: 0 | Y15: 0 | Z15: 5 | AA15: 0 | AB15: 0 | AC15: 0 | AD15: 0 | AE15: 0 | AF15: 0 | AG15: 0 | AH15: 0 | AI15: 0 | AJ15: 0 | AK15: 0 | AL15: 0 | AM15: 0 | AN15: 0 | AO15: 0 | AP15: 0 | AQ15: 0 | AR15: 0 | AS15: 0 | AT15: 0 | AU15: 0 | AV15: 0 | AW15: 0 | AX15: 95 | AY15: 0 | AZ15: 0 | BA15: 0 | BB15: 0 | BC15: 0 | BD15: 0 | BE15: 0 | BF15: 0 | BG15: =G15-H15+I15-J15+K15-L15+M15-N15+O15-P15+Q15-R15+S15-T15+U15-V15+W15-X15+Y15-Z15+AA15-AB15+AC15-AD15+AE15-AF15+AG15-AH15+AI15-AJ15+AK15-AL15+AM15-AN15+AO15-AP15+AQ15-AR15+AS15-AT15+AU15-AV15+AW15-AX15+AY15-AZ15+BA15-BB15+BC15-BD15+BE15-BF15 -> 0 | BH15: 30 | BI15: =C15*BH15 -> 3000 | BJ15: =D15*BH15 -> 3000 | BK15: =E15*BH15 -> 0
A16: 10 x 12 Tarpaulin | B16: ea | C16: =SUM(G16+I16+K16+M16+O16+Q16+S16+U16+W16+Y16+AA16+AC16+AE16+AG16+AI16+AK16+AM16+AQ16+AS16+AU16+AW16+AY16+BA16+BC16+BE16) -> 2163 | D16: =SUM(H16+J16+L16+N16+P16+R16+T16+V16+X16+Z16+AB16+AD16+AF16+AH16+AJ16+AL16+AN16+AR16+AT16+AV16+AX16+AZ16+BB16+BD16+BF16) -> 1751 | E16: =C16-D16 -> 412 | F16: KW , MB-01 | G16: 0 | H16: 0 | I16: 0 | J16: 0 | K16: 0 | L16: 0 | M16: 0 | N16: 0 | O16: 0 | P16: 0 | Q16: 0 | R16: 0 | S16: 0 | T16: 0 | U16: 0 | V16: 0 | W16: 0 | X16: 0 | Y16: =214+1948 -> 2162 | Z16: 0 | AA16: 0 | AB16: 0 | AC16: 0 | AD16: 0 | AE16: 0 | AF16: 0 | AG16: 0 | AH16: 0 | AI16: 0 | AJ16: 0 | AK16: 0 | AL16: =675+320+660 -> 1655 | AM16: 0 | AN16: 0 | AO16: 0 | AP16: 0 | AQ16: 0 | AR16: 0 | AS16: 1 | AT16: 0 | AU16: 0 | AV16: 0 | AW16: 0 | AX16: =96 -> 96 | AY16: 0 | AZ16: 0 | BA16: 0 | BB16: 0 | BC16: 0 | BD16: 0 | BE16: 0 | BF16: 0 | BG16: =G16-H16+I16-J16+K16-L16+M16-N16+O16-P16+Q16-R16+S16-T16+U16-V16+W16-X16+Y16-Z16+AA16-AB16+AC16-AD16+AE16-AF16+AG16-AH16+AI16-AJ16+AK16-AL16+AM16-AN16+AO16-AP16+AQ16-AR16+AS16-AT16+AU16-AV16+AW16-AX16+AY16-AZ16+BA16-BB16+BC16-BD16+BE16-BF16 -> 412 | BH16: 8 | BI16: =C16*BH16 -> 17304 | BJ16: =D16*BH16 -> 14008 | BK16: =E16*BH16 -> 3296
A17: 10 x 20 Tarpaulin | B17: ea | C17: =SUM(G17+I17+K17+M17+O17+Q17+S17+U17+W17+Y17+AA17+AC17+AE17+AG17+AI17+AK17+AM17+AQ17+AS17+AU17+AW17+AY17+BA17+BC17+BE17) -> 315 | D17: =SUM(H17+J17+L17+N17+P17+R17+T17+V17+X17+Z17+AB17+AD17+AF17+AH17+AJ17+AL17+AN17+AR17+AT17+AV17+AX17+AZ17+BB17+BD17+BF17) -> 150 | E17: =C17-D17 -> 165 | F17: MG | G17: 0 | H17: 0 | I17: 0 | J17: 0 | K17: 0 | L17: 0 | M17: 0 | N17: 0 | O17: 0 | P17: 0 | Q17: 0 | R17: 0 | S17: 0 | T17: 0 | U17: 0 | V17: 0 | W17: 0 | X17: 0 | Y17: 315 | Z17: 0 | AA17: 0 | AB17: 0 | AC17: 0 | AD17: 0 | AE17: 0 | AF17: 0 | AG17: 0 | AH17: 0 | AI17: 0 | AJ17: 0 | AK17: 0 | AL17: 150 | AM17: 0 | AN17: 0 | AO17: 0 | AP17: 0 | AQ17: 0 | AR17: 0 | AS17: 0 | AT17: 0 | AU17: 0 | AV17: 0 | AW17: 0 | AX17: 0 | AY17: 0 | AZ17: 0 | BA17: 0 | BB17: 0 | BC17: 0 | BD17: 0 | BE17: 0 | BF17: 0 | BG17: =G17-H17+I17-J17+K17-L17+M17-N17+O17-P17+Q17-R17+S17-T17+U17-V17+W17-X17+Y17-Z17+AA17-AB17+AC17-AD17+AE17-AF17+AG17-AH17+AI17-AJ17+AK17-AL17+AM17-AN17+AO17-AP17+AQ17-AR17+AS17-AT17+AU17-AV17+AW17-AX17+AY17-AZ17+BA17-BB17+BC17-BD17+BE17-BF17 -> 165 | BH17: 15 | BI17: =C17*BH17 -> 4725 | BJ17: =D17*BH17 -> 2250 | BK17: =E17*BH17 -> 2475
A18: 20 x 25 Tarpaulin | B18: ea | C18: =SUM(G18+I18+K18+M18+O18+Q18+S18+U18+W18+Y18+AA18+AC18+AE18+AG18+AI18+AK18+AM18+AQ18+AS18+AU18+AW18+AY18+BA18+BC18+BE18) -> 120 | D18: =SUM(H18+J18+L18+N18+P18+R18+T18+V18+X18+Z18+AB18+AD18+AF18+AH18+AJ18+AL18+AN18+AR18+AT18+AV18+AX18+AZ18+BB18+BD18+BF18) -> 154 | E18: =C18-D18 -> -34 | F18: KW | G18: 0 | H18: 0 | I18: 0 | J18: 0 | K18: 0 | L18: 0 | M18: 0 | N18: 0 | O18: 0 | P18: 0 | Q18: 0 | R18: 0 | S18: 0 | T18: 0 | U18: 0 | V18: 0 | W18: 0 | X18: 0 | Y18: =78+42 -> 120 | Z18: 0 | AA18: 0 | AB18: 0 | AC18: 0 | AD18: 0 | AE18: 0 | AF18: 0 | AG18: 0 | AH18: 0 | AI18: 0 | AJ18: 0 | AK18: 0 | AL18: 0 | AM18: 0 | AN18: 0 | AO18: 0 | AP18: 0 | AQ18: 0 | AR18: 0 | AS18: 0 | AT18: 0 | AU18: 0 | AV18: 0 | AW18: 0 | AX18: =72+62 -> 134 | AY18: 0 | AZ18: 20 | BA18: 0 | BB18: 0 | BC18: 0 | BD18: 0 | BE18: 0 | BF18: 0 | BG18: =G18-H18+I18-J18+K18-L18+M18-N18+O18-P18+Q18-R18+S18-T18+U18-V18+W18-X18+Y18-Z18+AA18-AB18+AC18-AD18+AE18-AF18+AG18-AH18+AI18-AJ18+AK18-AL18+AM18-AN18+AO18-AP18+AQ18-AR18+AS18-AT18+AU18-AV18+AW18-AX18+AY18-AZ18+BA18-BB18+BC18-BD18+BE18-BF18 -> -34 | BH18: 26 | BI18: =C18*BH18 -> 3120 | BJ18: =D18*BH18 -> 4004 | BK18: =E18*BH18 -> -884
A19: 20 x 30 Tarpaulin | B19: ea | C19: =SUM(G19+I19+K19+M19+O19+Q19+S19+U19+W19+Y19+AA19+AC19+AE19+AG19+AI19+AK19+AM19+AQ19+AS19+AU19+AW19+AY19+BA19+BC19+BE19) -> 1752 | D19: =SUM(H19+J19+L19+N19+P19+R19+T19+V19+X19+Z19+AB19+AD19+AF19+AH19+AJ19+AL19+AN19+AR19+AT19+AV19+AX19+AZ19+BB19+BD19+BF19) -> 1496 | E19: =C19-D19 -> 256 | G19: 0 | H19: 0 | I19: 0 | J19: 0 | K19: 0 | L19: 0 | M19: 0 | N19: 0 | O19: 0 | P19: 0 | Q19: 0 | R19: 0 | S19: 0 | T19: 0 | U19: 0 | V19: 0 | W19: 1000 | X19: 0 | Y19: =115+637 -> 752 | Z19: 0 | AA19: 0 | AB19: 0 | AC19: 0 | AD19: 0 | AE19: 0 | AF19: 0 | AG19: 0 | AH19: 70 | AI19: 0 | AJ19: 0 | AK19: 0 | AL19: =5+88 -> 93 | AM19: 0 | AN19: =400+400+400 -> 1200 | AO19: 0 | AP19: 0 | AQ19: 0 | AR19: 0 | AS19: 0 | AT19: 0 | AU19: 0 | AV19: 0 | AW19: 0 | AX19: =5+128 -> 133 | AY19: 0 | AZ19: 0 | BA19: 0 | BB19: 0 | BC19: 0 | BD19: 0 | BE19: 0 | BF19: 0 | BG19: =G19-H19+I19-J19+K19-L19+M19-N19+O19-P19+Q19-R19+S19-T19+U19-V19+W19-X19+Y19-Z19+AA19-AB19+AC19-AD19+AE19-AF19+AG19-AH19+AI19-AJ19+AK19-AL19+AM19-AN19+AO19-AP19+AQ19-AR19+AS19-AT19+AU19-AV19+AW19-AX19+AY19-AZ19+BA19-BB19+BC19-BD19+BE19-BF19 -> 256 | BH19: 40 | BI19: =C19*BH19 -> 70080 | BJ19: =D19*BH19 -> 59840 | BK19: =E19*BH19 -> 10240
A20: 20 x 40 Tarpaulin | B20: ea | C20: =SUM(G20+I20+K20+M20+O20+Q20+S20+U20+W20+Y20+AA20+AC20+AE20+AG20+AI20+AK20+AM20+AQ20+AS20+AU20+AW20+AY20+BA20+BC20+BE20) -> 135 | D20: =SUM(H20+J20+L20+N20+P20+R20+T20+V20+X20+Z20+AB20+AD20+AF20+AH20+AJ20+AL20+AN20+AR20+AT20+AV20+AX20+AZ20+BB20+BD20+BF20) -> 118 | E20: =C20-D20 -> 17 | F20: MG | G20: 0 | H20: 0 | I20: 0 | J20: 0 | K20: 0 | L20: 0 | M20: 0 | N20: 0 | O20: 0 | P20: 0 | Q20: 0 | R20: 0 | S20: 0 | T20: 0 | U20: 0 | V20: 0 | W20: 0 | X20: 0 | Y20: 135 | Z20: 0 | AA20: 0 | AB20: 0 | AC20: 0 | AD20: 0 | AE20: 0 | AF20: 0 | AG20: 0 | AH20: 100 | AI20: 0 | AJ20: 0 | AK20: 0 | AL20: 18 | AM20: 0 | AN20: 0 | AO20: 0 | AP20: 0 | AQ20: 0 | AR20: 0 | AS20: 0 | AT20: 0 | AU20: 0 | AV20: 0 | AW20: 0 | AX20: 0 | AY20: 0 | AZ20: 0 | BA20: 0 | BB20: 0 | BC20: 0 | BD20: 0 | BE20: 0 | BF20: 0 | BG20: =G20-H20+I20-J20+K20-L20+M20-N20+O20-P20+Q20-R20+S20-T20+U20-V20+W20-X20+Y20-Z20+AA20-AB20+AC20-AD20+AE20-AF20+AG20-AH20+AI20-AJ20+AK20-AL20+AM20-AN20+AO20-AP20+AQ20-AR20+AS20-AT20+AU20-AV20+AW20-AX20+AY20-AZ20+BA20-BB20+BC20-BD20+BE20-BF20 -> 17 | BH20: 45 | BI20: =C20*BH20 -> 6075 | BJ20: =D20*BH20 -> 5310 | BK20: =E20*BH20 -> 765
A21: 30 x 50 Tarpaulin | B21: ea | C21: =SUM(G21+I21+K21+M21+O21+Q21+S21+U21+W21+Y21+AA21+AC21+AE21+AG21+AI21+AK21+AM21+AQ21+AS21+AU21+AW21+AY21+BA21+BC21+BE21) -> 116 | D21: =SUM(H21+J21+L21+N21+P21+R21+T21+V21+X21+Z21+AB21+AD21+AF21+AH21+AJ21+AL21+AN21+AR21+AT21+AV21+AX21+AZ21+BB21+BD21+BF21) -> 55 | E21: =C21-D21 -> 61 | F21: KW, MG | G21: 0 | H21: 0 | I21: 0 | J21: 0 | K21: 0 | L21: 0 | M21: 0 | N21: 0 | O21: 0 | P21: 0 | Q21: 0 | R21: 0 | S21: 0 | T21: 0 | U21: 0 | V21: 0 | W21: 0 | X21: 0 | Y21: =48+36+32 -> 116 | Z21: 0 | AA21: 0 | AB21: 0 | AC21: 0 | AD21: 0 | AE21: 0 | AF21: 0 | AG21: 0 | AH21: 30 | AI21: 0 | AJ21: 0 | AK21: 0 | AL21: 0 | AM21: 0 | AN21: 0 | AO21: 0 | AP21: 0 | AQ21: 0 | AR21: 0 | AS21: 0 | AT21: 0 | AU21: 0 | AV21: 0 | AW21: 0 | AX21: =23+2 -> 25 | AY21: 0 | AZ21: 0 | BA21: 0 | BB21: 0 | BC21: 0 | BD21: 0 | BE21: 0 | BF21: 0 | BG21: =G21-H21+I21-J21+K21-L21+M21-N21+O21-P21+Q21-R21+S21-T21+U21-V21+W21-X21+Y21-Z21+AA21-AB21+AC21-AD21+AE21-AF21+AG21-AH21+AI21-AJ21+AK21-AL21+AM21-AN21+AO21-AP21+AQ21-AR21+AS21-AT21+AU21-AV21+AW21-AX21+AY21-AZ21+BA21-BB21+BC21-BD21+BE21-BF21 -> 61 | BH21: 50 | BI21: =C21*BH21 -> 5800 | BJ21: =D21*BH21 -> 2750 | BK21: =E21*BH21 -> 3050
A22: 30 x 40 Tarpaulin | B22: ea | C22: =SUM(G22+I22+K22+M22+O22+Q22+S22+U22+W22+Y22+AA22+AC22+AE22+AG22+AI22+AK22+AM22+AQ22+AS22+AU22+AW22+AY22+BA22+BC22+BE22) -> 19 | D22: =SUM(H22+J22+L22+N22+P22+R22+T22+V22+X22+Z22+AB22+AD22+AF22+AH22+AJ22+AL22+AN22+AR22+AT22+AV22+AX22+AZ22+BB22+BD22+BF22) -> 0 | E22: =C22-D22 -> 19 | G22: 0 | H22: 0 | I22: 0 | J22: 0 | K22: 0 | L22: 0 | M22: 0 | N22: 0 | O22: 0 | P22: 0 | Q22: 0 | R22: 0 | S22: 0 | T22: 0 | U22: 0 | V22: 0 | W22: 0 | X22: 0 | Y22: 0 | Z22: 0 | AA22: 0 | AB22: 0 | AC22: 0 | AD22: 0 | AE22: 0 | AF22: 0 | AG22: 0 | AH22: 0 | AI22: 0 | AJ22: 0 | AK22: 0 | AL22: 0 | AM22: 0 | AN22: 0 | AO22: 0 | AP22: 0 | AQ22: 0 | AR22: 0 | AS22: 0 | AT22: 0 | AU22: 19 | AV22: 0 | AW22: 0 | AX22: 0 | AY22: 0 | AZ22: 0 | BA22: 0 | BB22: 0 | BC22: 0 | BD22: 0 | BE22: 0 | BF22: 0 | BG22: =G22-H22+I22-J22+K22-L22+M22-N22+O22-P22+Q22-R22+S22-T22+U22-V22+W22-X22+Y22-Z22+AA22-AB22+AC22-AD22+AE22-AF22+AG22-AH22+AI22-AJ22+AK22-AL22+AM22-AN22+AO22-AP22+AQ22-AR22+AS22-AT22+AU22-AV22+AW22-AX22+AY22-AZ22+BA22-BB22+BC22-BD22+BE22-BF22 -> 19
A23: 60 x 50 x 23cm Tarpaulin (Coverage kits) | B23: ea | C23: =SUM(G23+I23+K23+M23+O23+Q23+S23+U23+W23+Y23+AA23+AC23+AE23+AG23+AI23+AK23+AM23+AQ23+AS23+AU23+AW23+AY23+BA23+BC23+BE23) -> 3960 | D23: =SUM(H23+J23+L23+N23+P23+R23+T23+V23+X23+Z23+AB23+AD23+AF23+AH23+AJ23+AL23+AN23+AR23+AT23+AV23+AX23+AZ23+BB23+BD23+BF23) -> 3960 | E23: =C23-D23 -> 0 | G23: 0 | H23: 0 | I23: 480 | J23: 0 | K23: 400 | L23: 0 | M23: 0 | N23: 0 | O23: 400 | P23: 0 | Q23: =400+1120 -> 1520 | R23: 0 | S23: 0 | T23: =125+100+300 -> 525 | U23: 680 | V23: 0 | W23: 0 | X23: =200+421 -> 621 | Y23: 0 | Z23: 799 | AA23: 0 | AB23: 510 | AC23: 480 | AD23: 0 | AE23: 0 | AF23: =450+235 -> 685 | AG23: 0 | AH23: =126 -> 126 | AI23: 0 | AJ23: =226+40+8 -> 274 | AK23: 0 | AL23: =8+16+2+6+40+80+16+20+232 -> 420 | AM23: 0 | AN23: 0 | AO23: 0 | AP23: 0 | AQ23: 0 | AR23: 0 | AS23: 0 | AT23: 0 | AU23: 0 | AV23: 0 | AW23: 0 | AX23: 0 | AY23: 0 | AZ23: 0 | BA23: 0 | BB23: 0 | BC23: 0 | BD23: 0 | BE23: 0 | BF23: 0 | BG23: =G23-H23+I23-J23+K23-L23+M23-N23+O23-P23+Q23-R23+S23-T23+U23-V23+W23-X23+Y23-Z23+AA23-AB23+AC23-AD23+AE23-AF23+AG23-AH23+AI23-AJ23+AK23-AL23+AM23-AN23+AO23-AP23+AQ23-AR23+AS23-AT23+AU23-AV23+AW23-AX23+AY23-AZ23+BA23-BB23+BC23-BD23+BE23-BF23 -> 0 | BH23: 34 | BI23: =C23*BH23 -> 134640 | BJ23: =D23*BH23 -> 134640 | BK23: =E23*BH23 -> 0
A24: 4 x 5 mtr Tarpaulin | B24: ea | C24: =SUM(G24+I24+K24+M24+O24+Q24+S24+U24+W24+Y24+AA24+AC24+AE24+AG24+AI24+AK24+AM24+AQ24+AS24+AU24+AW24+AY24+BA24+BC24+BE24) -> 2000 | D24: =SUM(H24+J24+L24+N24+P24+R24+T24+V24+X24+Z24+AB24+AD24+AF24+AH24+AJ24+AL24+AN24+AR24+AT24+AV24+AX24+AZ24+BB24+BD24+BF24) -> 2000 | E24: =C24-D24 -> 0 | G24: 0 | H24: 0 | I24: 0 | J24: 0 | K24: 0 | L24: 0 | M24: 0 | N24: 0 | O24: 0 | P24: 0 | Q24: 0 | R24: 0 | S24: 0 | T24: 0 | U24: 0 | V24: 0 | W24: 0 | X24: 0 | Y24: 0 | Z24: 0 | AA24: 0 | AB24: 0 | AC24: 0 | AD24: 0 | AE24: 0 | AF24: 0 | AG24: 0 | AH24: 0 | AI24: 0 | AJ24: 0 | AK24: 2000 | AL24: 0 | AM24: 0 | AN24: 0 | AO24: 0 | AP24: 0 | AQ24: 0 | AR24: 0 | AS24: 0 | AT24: 0 | AU24: 0 | AV24: 0 | AW24: 0 | AX24: 0 | AY24: 0 | AZ24: 2000 | BA24: 0 | BB24: 0 | BC24: 0 | BD24: 0 | BE24: 0 | BF24: 0 | BG24: =G24-H24+I24-J24+K24-L24+M24-N24+O24-P24+Q24-R24+S24-T24+U24-V24+W24-X24+Y24-Z24+AA24-AB24+AC24-AD24+AE24-AF24+AG24-AH24+AI24-AJ24+AK24-AL24+AM24-AN24+AO24-AP24+AQ24-AR24+AS24-AT24+AU24-AV24+AW24-AX24+AY24-AZ24+BA24-BB24+BC24-BD24+BE24-BF24 -> 0 | BH24: 25 | BI24: =C24*BH24 -> 50000 | BJ24: =D24*BH24 -> 50000 | BK24: =E24*BH24 -> 0
A25: Tent (2 Man) | B25: ea | C25: =SUM(G25+I25+K25+M25+O25+Q25+S25+U25+W25+Y25+AA25+AC25+AE25+AG25+AI25+AK25+AM25+AQ25+AS25+AU25+AW25+AY25+BA25+BC25+BE25) -> 360 | D25: =SUM(H25+J25+L25+N25+P25+R25+T25+V25+X25+Z25+AB25+AD25+AF25+AH25+AJ25+AL25+AN25+AR25+AT25+AV25+AX25+AZ25+BB25+BD25+BF25) -> 263 | E25: =C25-D25 -> 97 | F25: MG | G25: 0 | H25: 0 | I25: 0 | J25: 0 | K25: 10 | L25: 0 | M25: 0 | N25: 0 | O25: 0 | P25: 0 | Q25: 0 | R25: 0 | S25: 350 | T25: 10 | U25: 0 | V25: 0 | W25: 0 | X25: 0 | Y25: 0 | Z25: 8 | AA25: 0 | AB25: 0 | AC25: 0 | AD25: 0 | AE25: 0 | AF25: 0 | AG25: 0 | AH25: 0 | AI25: 0 | AJ25: 0 | AK25: 0 | AL25: 0 | AM25: 0 | AN25: =50+50+50 -> 150 | AO25: 0 | AP25: 0 | AQ25: 0 | AR25: 0 | AS25: 0 | AT25: 0 | AU25: 0 | AV25: 0 | AW25: 0 | AX25: 50 | AY25: 0 | AZ25: 45 | BA25: 0 | BB25: 0 | BC25: 0 | BD25: 0 | BE25: 0 | BF25: 0 | BG25: =G25-H25+I25-J25+K25-L25+M25-N25+O25-P25+Q25-R25+S25-T25+U25-V25+W25-X25+Y25-Z25+AA25-AB25+AC25-AD25+AE25-AF25+AG25-AH25+AI25-AJ25+AK25-AL25+AM25-AN25+AO25-AP25+AQ25-AR25+AS25-AT25+AU25-AV25+AW25-AX25+AY25-AZ25+BA25-BB25+BC25-BD25+BE25-BF25 -> 97 | BH25: 34 | BI25: =C25*BH25 -> 12240 | BJ25: =D25*BH25 -> 8942 | BK25: =E25*BH25 -> 3298
A26: Tent (4 Man) | B26: ea | C26: =SUM(G26+I26+K26+M26+O26+Q26+S26+U26+W26+Y26+AA26+AC26+AE26+AG26+AI26+AK26+AM26+AQ26+AS26+AU26+AW26+AY26+BA26+BC26+BE26) -> 615 | D26: =SUM(H26+J26+L26+N26+P26+R26+T26+V26+X26+Z26+AB26+AD26+AF26+AH26+AJ26+AL26+AN26+AR26+AT26+AV26+AX26+AZ26+BB26+BD26+BF26) -> 351 | E26: =C26-D26 -> 264 | G26: 0 | H26: 0 | I26: 0 | J26: 0 | K26: 0 | L26: 0 | M26: 0 | N26: 0 | O26: 0 | P26: 0 | Q26: 0 | R26: 0 | S26: 0 | T26: 0 | U26: 0 | V26: 0 | W26: 0 | X26: 0 | Y26: =284+60+157 -> 501 | Z26: 0 | AA26: 0 | AB26: 0 | AC26: 0 | AD26: 0 | AE26: 0 | AF26: 0 | AG26: 114 | AH26: 0 | AI26: 0 | AJ26: 0 | AK26: 0 | AL26: 0 | AM26: 0 | AN26: =75+75+75 -> 225 | AO26: 0 | AP26: 0 | AQ26: 0 | AR26: 0 | AS26: 0 | AT26: 0 | AU26: 0 | AV26: 0 | AW26: 0 | AX26: =1+50 -> 51 | AY26: 0 | AZ26: 75 | BA26: 0 | BB26: 0 | BC26: 0 | BD26: 0 | BE26: 0 | BF26: 0 | BG26: =G26-H26+I26-J26+K26-L26+M26-N26+O26-P26+Q26-R26+S26-T26+U26-V26+W26-X26+Y26-Z26+AA26-AB26+AC26-AD26+AE26-AF26+AG26-AH26+AI26-AJ26+AK26-AL26+AM26-AN26+AO26-AP26+AQ26-AR26+AS26-AT26+AU26-AV26+AW26-AX26+AY26-AZ26+BA26-BB26+BC26-BD26+BE26-BF26 -> 264 | BH26: 68 | BI26: =C26*BH26 -> 41820 | BJ26: =D26*BH26 -> 23868 | BK26: =E26*BH26 -> 17952
A27: Tent (Single & Double Fly) | B27: ea | C27: =SUM(G27+I27+K27+M27+O27+Q27+S27+U27+W27+Y27+AA27+AC27+AE27+AG27+AI27+AK27+AM27+AQ27+AS27+AU27+AW27+AY27+BA27+BC27+BE27) -> 120 | D27: =SUM(H27+J27+L27+N27+P27+R27+T27+V27+X27+Z27+AB27+AD27+AF27+AH27+AJ27+AL27+AN27+AR27+AT27+AV27+AX27+AZ27+BB27+BD27+BF27) -> 60 | E27: =C27-D27 -> 60 | F27: MG | G27: 0 | H27: 0 | I27: 0 | J27: 0 | K27: 0 | L27: 0 | M27: 0 | N27: 0 | O27: 0 | P27: 0 | Q27: 0 | R27: 0 | S27: 0 | T27: 0 | U27: 120 | V27: 0 | W27: 0 | X27: 0 | Y27: 0 | Z27: 0 | AA27: 0 | AB27: 60 | AC27: 0 | AD27: 0 | AE27: 0 | AF27: 0 | AG27: 0 | AH27: 0 | AI27: 0 | AJ27: 0 | AK27: 0 | AL27: 0 | AM27: 0 | AN27: 0 | AO27: 0 | AP27: 0 | AQ27: 0 | AR27: 0 | AS27: 0 | AT27: 0 | AU27: 0 | AV27: 0 | AW27: 0 | AX27: 0 | AY27: 0 | AZ27: 0 | BA27: 0 | BB27: 0 | BC27: 0 | BD27: 0 | BE27: 0 | BF27: 0 | BG27: =G27-H27+I27-J27+K27-L27+M27-N27+O27-P27+Q27-R27+S27-T27+U27-V27+W27-X27+Y27-Z27+AA27-AB27+AC27-AD27+AE27-AF27+AG27-AH27+AI27-AJ27+AK27-AL27+AM27-AN27+AO27-AP27+AQ27-AR27+AS27-AT27+AU27-AV27+AW27-AX27+AY27-AZ27+BA27-BB27+BC27-BD27+BE27-BF27 -> 60 | BH27: 80 | BI27: =C27*BH27 -> 9600 | BJ27: =D27*BH27 -> 4800 | BK27: =E27*BH27 -> 4800
A28: Mosquitoes Net | B28: ea | C28: =SUM(G28+I28+K28+M28+O28+Q28+S28+U28+W28+Y28+AA28+AC28+AE28+AG28+AI28+AK28+AM28+AQ28+AS28+AU28+AW28+AY28+BA28+BC28+BE28) -> 15460 | D28: =SUM(H28+J28+L28+N28+P28+R28+T28+V28+X28+Z28+AB28+AD28+AF28+AH28+AJ28+AL28+AN28+AR28+AT28+AV28+AX28+AZ28+BB28+BD28+BF28) -> 11762 | E28: =C28-D28 -> 3698 | F28: MG | G28: 0 | H28: 0 | I28: 0 | J28: 0 | K28: 52 | L28: 0 | M28: 0 | N28: 0 | O28: 0 | P28: 0 | Q28: 0 | R28: 0 | S28: =10566+2800 -> 13366 | T28: =2800+52 -> 2852 | U28: 500 | V28: 0 | W28: 0 | X28: 0 | Y28: 0 | Z28: 60 | AA28: 0 | AB28: =1000+50 -> 1050 | AC28: 0 | AD28: 0 | AE28: 0 | AF28: 500 | AG28: 0 | AH28: =898+2102 -> 3000 | AI28: 0 | AJ28: 0 | AK28: 1492 | AL28: 0 | AM28: 0 | AN28: =1000+1000+1000 -> 3000 | AO28: 0 | AP28: 0 | AQ28: 0 | AR28: 0 | AS28: 0 | AT28: 0 | AU28: 0 | AV28: 0 | AW28: 50 | AX28: =1000+300 -> 1300 | AY28: 0 | AZ28: 0 | BA28: 0 | BB28: 0 | BC28: 0 | BD28: 0 | BE28: 0 | BF28: 0 | BG28: =G28-H28+I28-J28+K28-L28+M28-N28+O28-P28+Q28-R28+S28-T28+U28-V28+W28-X28+Y28-Z28+AA28-AB28+AC28-AD28+AE28-AF28+AG28-AH28+AI28-AJ28+AK28-AL28+AM28-AN28+AO28-AP28+AQ28-AR28+AS28-AT28+AU28-AV28+AW28-AX28+AY28-AZ28+BA28-BB28+BC28-BD28+BE28-BF28 -> 3698 | BH28: 12 | BI28: =C28*BH28 -> 185520 | BJ28: =D28*BH28 -> 141144 | BK28: =E28*BH28 -> 44376
A29: Cots | B29: ea | C29: =SUM(G29+I29+K29+M29+O29+Q29+S29+U29+W29+Y29+AA29+AC29+AE29+AG29+AI29+AK29+AM29+AQ29+AS29+AU29+AW29+AY29+BA29+BC29+BE29) -> 20 | D29: =SUM(H29+J29+L29+N29+P29+R29+T29+V29+X29+Z29+AB29+AD29+AF29+AH29+AJ29+AL29+AN29+AR29+AT29+AV29+AX29+AZ29+BB29+BD29+BF29) -> 20 | E29: =C29-D29 -> 0 | G29: 0 | H29: 0 | I29: 0 | J29: 0 | K29: 20 | L29: 0 | M29: 0 | N29: 0 | O29: 0 | P29: 0 | Q29: 0 | R29: 0 | S29: 0 | T29: 20 | U29: 0 | V29: 0 | W29: 0 | X29: 0 | Y29: 0 | Z29: 0 | AA29: 0 | AB29: 0 | AC29: 0 | AD29: 0 | AE29: 0 | AF29: 0 | AG29: 0 | AH29: 0 | AI29: 0 | AJ29: 0 | AK29: 0 | AL29: 0 | AM29: 0 | AN29: 0 | AO29: 0 | AP29: 0 | AQ29: 0 | AR29: 0 | AS29: 0 | AT29: 0 | AU29: 0 | AV29: 0 | AW29: 0 | AX29: 0 | AY29: 0 | AZ29: 0 | BA29: 0 | BB29: 0 | BC29: 0 | BD29: 0 | BE29: 0 | BF29: 0 | BG29: =G29-H29+I29-J29+K29-L29+M29-N29+O29-P29+Q29-R29+S29-T29+U29-V29+W29-X29+Y29-Z29+AA29-AB29+AC29-AD29+AE29-AF29+AG29-AH29+AI29-AJ29+AK29-AL29+AM29-AN29+AO29-AP29+AQ29-AR29+AS29-AT29+AU29-AV29+AW29-AX29+AY29-AZ29+BA29-BB29+BC29-BD29+BE29-BF29 -> 0 | BH29: 38 | BI29: =C29*BH29 -> 760 | BJ29: =D29*BH29 -> 760 | BK29: =E29*BH29 -> 0
A30: EU Cots | B30: ea | C30: =SUM(G30+I30+K30+M30+O30+Q30+S30+U30+W30+Y30+AA30+AC30+AE30+AG30+AI30+AK30+AM30+AQ30+AS30+AU30+AW30+AY30+BA30+BC30+BE30) -> 1000 | D30: =SUM(H30+J30+L30+N30+P30+R30+T30+V30+X30+Z30+AB30+AD30+AF30+AH30+AJ30+AL30+AN30+AR30+AT30+AV30+AX30+AZ30+BB30+BD30+BF30) -> 16 | E30: =C30-D30 -> 984 | F30: KW | G30: 0 | H30: 0 | I30: 0 | J30: 0 | K30: 0 | L30: 0 | M30: 0 | N30: 0 | O30: 0 | P30: 0 | Q30: 0 | R30: 0 | S30: 0 | T30: 0 | U30: 0 | V30: 0 | W30: 0 | X30: 0 | Y30: 0 | Z30: 0 | AA30: 0 | AB30: 0 | AC30: 0 | AD30: 0 | AE30: 0 | AF30: 0 | AG30: 0 | AH30: 0 | AI30: 0 | AJ30: 0 | AK30: 1000 | AL30: 0 | AM30: 0 | AN30: 0 | AO30: 0 | AP30: 0 | AQ30: 0 | AR30: 16 | AS30: 0 | AT30: 0 | AU30: 0 | AV30: 0 | AW30: 0 | AX30: 0 | AY30: 0 | AZ30: 0 | BA30: 0 | BB30: 0 | BC30: 0 | BD30: 0 | BE30: 0 | BF30: 0 | BG30: =G30-H30+I30-J30+K30-L30+M30-N30+O30-P30+Q30-R30+S30-T30+U30-V30+W30-X30+Y30-Z30+AA30-AB30+AC30-AD30+AE30-AF30+AG30-AH30+AI30-AJ30+AK30-AL30+AM30-AN30+AO30-AP30+AQ30-AR30+AS30-AT30+AU30-AV30+AW30-AX30+AY30-AZ30+BA30-BB30+BC30-BD30+BE30-BF30 -> 984 | BH30: 55.64 | BI30: =C30*BH30 -> 55640 | BJ30: =D30*BH30 -> 890.24 | BK30: =E30*BH30 -> 54749.76
A31: Utility Knives | B31: ea | C31: =SUM(G31+I31+K31+M31+O31+Q31+S31+U31+W31+Y31+AA31+AC31+AE31+AG31+AI31+AK31+AM31+AQ31+AS31+AU31+AW31+AY31+BA31+BC31+BE31) -> 430 | D31: =SUM(H31+J31+L31+N31+P31+R31+T31+V31+X31+Z31+AB31+AD31+AF31+AH31+AJ31+AL31+AN31+AR31+AT31+AV31+AX31+AZ31+BB31+BD31+BF31) -> 30 | E31: =C31-D31 -> 400 | F31: MG | G31: 0 | H31: 0 | I31: 0 | J31: 0 | K31: 50 | L31: 0 | M31: 0 | N31: 0 | O31: 0 | P31: 0 | Q31: 0 | R31: 0 | S31: 0 | T31: 0 | U31: 0 | V31: 0 | W31: 0 | X31: 0 | Y31: =160+120+100 -> 380 | Z31: 0 | AA31: 0 | AB31: 0 | AC31: 0 | AD31: 0 | AE31: 0 | AF31: 0 | AG31: 0 | AH31: 0 | AI31: 0 | AJ31: 0 | AK31: 0 | AL31: 0 | AM31: 0 | AN31: 0 | AO31: 0 | AP31: 0 | AQ31: 0 | AR31: 0 | AS31: 0 | AT31: 0 | AU31: 0 | AV31: 0 | AW31: 0 | AX31: =10+20 -> 30 | AY31: 0 | AZ31: 0 | BA31: 0 | BB31: 0 | BC31: 0 | BD31: 0 | BE31: 0 | BF31: 0 | BG31: =G31-H31+I31-J31+K31-L31+M31-N31+O31-P31+Q31-R31+S31-T31+U31-V31+W31-X31+Y31-Z31+AA31-AB31+AC31-AD31+AE31-AF31+AG31-AH31+AI31-AJ31+AK31-AL31+AM31-AN31+AO31-AP31+AQ31-AR31+AS31-AT31+AU31-AV31+AW31-AX31+AY31-AZ31+BA31-BB31+BC31-BD31+BE31-BF31 -> 400 | BH31: 11 | BI31: =C31*BH31 -> 4730 | BJ31: =D31*BH31 -> 330 | BK31: =E31*BH31 -> 4400
A32: Dinnerware Sets | B32: ea | C32: =SUM(G32+I32+K32+M32+O32+Q32+S32+U32+W32+Y32+AA32+AC32+AE32+AG32+AI32+AK32+AM32+AQ32+AS32+AU32+AW32+AY32+BA32+BC32+BE32) -> 43 | D32: =SUM(H32+J32+L32+N32+P32+R32+T32+V32+X32+Z32+AB32+AD32+AF32+AH32+AJ32+AL32+AN32+AR32+AT32+AV32+AX32+AZ32+BB32+BD32+BF32) -> 43 | E32: =C32-D32 -> 0 | G32: 0 | H32: 0 | I32: 0 | J32: 0 | K32: 43 | L32: 0 | M32: 0 | N32: 0 | O32: 0 | P32: 43 | Q32: 0 | R32: 0 | S32: 0 | T32: 0 | U32: 0 | V32: 0 | W32: 0 | X32: 0 | Y32: 0 | Z32: 0 | AA32: 0 | AB32: 0 | AC32: 0 | AD32: 0 | AE32: 0 | AF32: 0 | AG32: 0 | AH32: 0 | AI32: 0 | AJ32: 0 | AK32: 0 | AL32: 0 | AM32: 0 | AN32: 0 | AO32: 0 | AP32: 0 | AQ32: 0 | AR32: 0 | AS32: 0 | AT32: 0 | AU32: 0 | AV32: 0 | AW32: 0 | AX32: 0 | AY32: 0 | AZ32: 0 | BA32: 0 | BB32: 0 | BC32: 0 | BD32: 0 | BE32: 0 | BF32: 0 | BG32: =G32-H32+I32-J32+K32-L32+M32-N32+O32-P32+Q32-R32+S32-T32+U32-V32+W32-X32+Y32-Z32+AA32-AB32+AC32-AD32+AE32-AF32+AG32-AH32+AI32-AJ32+AK32-AL32+AM32-AN32+AO32-AP32+AQ32-AR32+AS32-AT32+AU32-AV32+AW32-AX32+AY32-AZ32+BA32-BB32+BC32-BD32+BE32-BF32 -> 0 | BH32: 40 | BI32: =C32*BH32 -> 1720 | BJ32: =D32*BH32 -> 1720 | BK32: =E32*BH32 -> 0
A33: Household Kits | B33: ea | C33: =SUM(G33+I33+K33+M33+O33+Q33+S33+U33+W33+Y33+AA33+AC33+AE33+AG33+AI33+AK33+AM33+AQ33+AS33+AU33+AW33+AY33+BA33+BC33+BE33) -> 50 | D33: =SUM(H33+J33+L33+N33+P33+R33+T33+V33+X33+Z33+AB33+AD33+AF33+AH33+AJ33+AL33+AN33+AR33+AT33+AV33+AX33+AZ33+BB33+BD33+BF33) -> 50 | E33: =C33-D33 -> 0 | G33: 0 | H33: 0 | I33: 0 | J33: 0 | K33: 50 | L33: 0 | M33: 0 | N33: 0 | O33: 0 | P33: 50 | Q33: 0 | R33: 0 | S33: 0 | T33: 0 | U33: 0 | V33: 0 | W33: 0 | X33: 0 | Y33: 0 | Z33: 0 | AA33: 0 | AB33: 0 | AC33: 0 | AD33: 0 | AE33: 0 | AF33: 0 | AG33: 0 | AH33: 0 | AI33: 0 | AJ33: 0 | AK33: 0 | AL33: 0 | AM33: 0 | AN33: 0 | AO33: 0 | AP33: 0 | AQ33: 0 | AR33: 0 | AS33: 0 | AT33: 0 | AU33: 0 | AV33: 0 | AW33: 0 | AX33: 0 | AY33: 0 | AZ33: 0 | BA33: 0 | BB33: 0 | BC33: 0 | BD33: 0 | BE33: 0 | BF33: 0 | BG33: =G33-H33+I33-J33+K33-L33+M33-N33+O33-P33+Q33-R33+S33-T33+U33-V33+W33-X33+Y33-Z33+AA33-AB33+AC33-AD33+AE33-AF33+AG33-AH33+AI33-AJ33+AK33-AL33+AM33-AN33+AO33-AP33+AQ33-AR33+AS33-AT33+AU33-AV33+AW33-AX33+AY33-AZ33+BA33-BB33+BC33-BD33+BE33-BF33 -> 0 | BH33: 20 | BI33: =C33*BH33 -> 1000 | BJ33: =D33*BH33 -> 1000 | BK33: =E33*BH33 -> 0
A34: Pot and Utensil Sets | B34: ea | C34: =SUM(G34+I34+K34+M34+O34+Q34+S34+U34+W34+Y34+AA34+AC34+AE34+AG34+AI34+AK34+AM34+AQ34+AS34+AU34+AW34+AY34+BA34+BC34+BE34) -> 339 | D34: =SUM(H34+J34+L34+N34+P34+R34+T34+V34+X34+Z34+AB34+AD34+AF34+AH34+AJ34+AL34+AN34+AR34+AT34+AV34+AX34+AZ34+BB34+BD34+BF34) -> 292 | E34: =C34-D34 -> 47 | F34: MG | G34: 0 | H34: 0 | I34: 0 | J34: 0 | K34: 24 | L34: 0 | M34: 0 | N34: 0 | O34: 0 | P34: 24 | Q34: 0 | R34: 0 | S34: 0 | T34: 0 | U34: 315 | V34: 0 | W34: 0 | X34: 0 | Y34: 0 | Z34: 0 | AA34: 0 | AB34: 0 | AC34: 0 | AD34: 0 | AE34: 0 | AF34: 0 | AG34: 0 | AH34: 0 | AI34: 0 | AJ34: 0 | AK34: 0 | AL34: 0 | AM34: 0 | AN34: =72+72+42 -> 186 | AO34: 0 | AP34: 0 | AQ34: 0 | AR34: 0 | AS34: 0 | AT34: 0 | AU34: 0 | AV34: 0 | AW34: 0 | AX34: =10+72 -> 82 | AY34: 0 | AZ34: 0 | BA34: 0 | BB34: 0 | BC34: 0 | BD34: 0 | BE34: 0 | BF34: 0 | BG34: =G34-H34+I34-J34+K34-L34+M34-N34+O34-P34+Q34-R34+S34-T34+U34-V34+W34-X34+Y34-Z34+AA34-AB34+AC34-AD34+AE34-AF34+AG34-AH34+AI34-AJ34+AK34-AL34+AM34-AN34+AO34-AP34+AQ34-AR34+AS34-AT34+AU34-AV34+AW34-AX34+AY34-AZ34+BA34-BB34+BC34-BD34+BE34-BF34 -> 47 | BH34: 40 | BI34: =C34*BH34 -> 13560 | BJ34: =D34*BH34 -> 11680 | BK34: =E34*BH34 -> 1880
A35: Bed Sheets | B35: ea | C35: =SUM(G35+I35+K35+M35+O35+Q35+S35+U35+W35+Y35+AA35+AC35+AE35+AG35+AI35+AK35+AM35+AQ35+AS35+AU35+AW35+AY35+BA35+BC35+BE35) -> 6437 | D35: =SUM(H35+J35+L35+N35+P35+R35+T35+V35+X35+Z35+AB35+AD35+AF35+AH35+AJ35+AL35+AN35+AR35+AT35+AV35+AX35+AZ35+BB35+BD35+BF35) -> 3519 | E35: =C35-D35 -> 2918 | F35: MG, Mobay -5 | G35: 0 | H35: 0 | I35: 0 | J35: 0 | K35: 50 | L35: 0 | M35: 0 | N35: 0 | O35: 0 | P35: 0 | Q35: 0 | R35: 0 | S35: =3582+2800 -> 6382 | T35: 2800 | U35: 0 | V35: 0 | W35: 0 | X35: 0 | Y35: 0 | Z35: 20 | AA35: 0 | AB35: 50 | AC35: 0 | AD35: 0 | AE35: 0 | AF35: 0 | AG35: 0 | AH35: 150 | AI35: 0 | AJ35: 0 | AK35: 0 | AL35: 0 | AM35: 0 | AN35: =100+100+100 -> 300 | AO35: 0 | AP35: 0 | AQ35: 0 | AR35: 0 | AS35: 5 | AT35: 0 | AU35: 0 | AV35: 0 | AW35: 0 | AX35: 100 | AY35: 0 | AZ35: 99 | BA35: 0 | BB35: 0 | BC35: 0 | BD35: 0 | BE35: 0 | BF35: 0 | BG35: =G35-H35+I35-J35+K35-L35+M35-N35+O35-P35+Q35-R35+S35-T35+U35-V35+W35-X35+Y35-Z35+AA35-AB35+AC35-AD35+AE35-AF35+AG35-AH35+AI35-AJ35+AK35-AL35+AM35-AN35+AO35-AP35+AQ35-AR35+AS35-AT35+AU35-AV35+AW35-AX35+AY35-AZ35+BA35-BB35+BC35-BD35+BE35-BF35 -> 2918 | BH35: 12 | BI35: =C35*BH35 -> 77244 | BJ35: =D35*BH35 -> 42228 | BK35: =E35*BH35 -> 35016
A36: Tables with seats | B36: ea | C36: =SUM(G36+I36+K36+M36+O36+Q36+S36+U36+W36+Y36+AA36+AC36+AE36+AG36+AI36+AK36+AM36+AQ36+AS36+AU36+AW36+AY36+BA36+BC36+BE36) -> 50 | D36: =SUM(H36+J36+L36+N36+P36+R36+T36+V36+X36+Z36+AB36+AD36+AF36+AH36+AJ36+AL36+AN36+AR36+AT36+AV36+AX36+AZ36+BB36+BD36+BF36) -> 10 | E36: =C36-D36 -> 40 | F36: MG | G36: 0 | H36: 0 | I36: 0 | J36: 0 | K36: 50 | L36: 0 | M36: 0 | N36: 0 | O36: 0 | P36: 0 | Q36: 0 | R36: 0 | S36: 0 | T36: 0 | U36: 0 | V36: 0 | W36: 0 | X36: 0 | Y36: 0 | Z36: 0 | AA36: 0 | AB36: 10 | AC36: 0 | AD36: 0 | AE36: 0 | AF36: 0 | AG36: 0 | AH36: 0 | AI36: 0 | AJ36: 0 | AK36: 0 | AL36: 0 | AM36: 0 | AN36: 0 | AO36: 0 | AP36: 0 | AQ36: 0 | AR36: 0 | AS36: 0 | AT36: 0 | AU36: 0 | AV36: 0 | AW36: 0 | AX36: 0 | AY36: 0 | AZ36: 0 | BA36: 0 | BB36: 0 | BC36: 0 | BD36: 0 | BE36: 0 | BF36: 0 | BG36: =G36-H36+I36-J36+K36-L36+M36-N36+O36-P36+Q36-R36+S36-T36+U36-V36+W36-X36+Y36-Z36+AA36-AB36+AC36-AD36+AE36-AF36+AG36-AH36+AI36-AJ36+AK36-AL36+AM36-AN36+AO36-AP36+AQ36-AR36+AS36-AT36+AU36-AV36+AW36-AX36+AY36-AZ36+BA36-BB36+BC36-BD36+BE36-BF36 -> 40 | BH36: 40 | BI36: =C36*BH36 -> 2000 | BJ36: =D36*BH36 -> 400 | BK36: =E36*BH36 -> 1600
A37: Bed Comforter | B37: ea | C37: =SUM(G37+I37+K37+M37+O37+Q37+S37+U37+W37+Y37+AA37+AC37+AE37+AG37+AI37+AK37+AM37+AQ37+AS37+AU37+AW37+AY37+BA37+BC37+BE37) -> 506 | D37: =SUM(H37+J37+L37+N37+P37+R37+T37+V37+X37+Z37+AB37+AD37+AF37+AH37+AJ37+AL37+AN37+AR37+AT37+AV37+AX37+AZ37+BB37+BD37+BF37) -> 50 | E37: =C37-D37 -> 456 | F37: MG | G37: 0 | H37: 0 | I37: 0 | J37: 0 | K37: 0 | L37: 0 | M37: 0 | N37: 0 | O37: 0 | P37: 0 | Q37: 0 | R37: 0 | S37: 506 | T37: 0 | U37: 0 | V37: 0 | W37: 0 | X37: 0 | Y37: 0 | Z37: 0 | AA37: 0 | AB37: 50 | AC37: 0 | AD37: 0 | AE37: 0 | AF37: 0 | AG37: 0 | AH37: 0 | AI37: 0 | AJ37: 0 | AK37: 0 | AL37: 0 | AM37: 0 | AN37: 0 | AO37: 0 | AP37: 0 | AQ37: 0 | AR37: 0 | AS37: 0 | AT37: 0 | AU37: 0 | AV37: 0 | AW37: 0 | AX37: 0 | AY37: 0 | AZ37: 0 | BA37: 0 | BB37: 0 | BC37: 0 | BD37: 0 | BE37: 0 | BF37: 0 | BG37: =G37-H37+I37-J37+K37-L37+M37-N37+O37-P37+Q37-R37+S37-T37+U37-V37+W37-X37+Y37-Z37+AA37-AB37+AC37-AD37+AE37-AF37+AG37-AH37+AI37-AJ37+AK37-AL37+AM37-AN37+AO37-AP37+AQ37-AR37+AS37-AT37+AU37-AV37+AW37-AX37+AY37-AZ37+BA37-BB37+BC37-BD37+BE37-BF37 -> 456 | BH37: 25 | BI37: =C37*BH37 -> 12650 | BJ37: =D37*BH37 -> 1250 | BK37: =E37*BH37 -> 11400
A38: Roll Mats (Small) | B38: ea | C38: =SUM(G38+I38+K38+M38+O38+Q38+S38+U38+W38+Y38+AA38+AC38+AE38+AG38+AI38+AK38+AM38+AQ38+AS38+AU38+AW38+AY38+BA38+BC38+BE38) -> 1300 | D38: =SUM(H38+J38+L38+N38+P38+R38+T38+V38+X38+Z38+AB38+AD38+AF38+AH38+AJ38+AL38+AN38+AR38+AT38+AV38+AX38+AZ38+BB38+BD38+BF38) -> 1200 | E38: =C38-D38 -> 100 | F38: MG | G38: 0 | H38: 0 | I38: 0 | J38: 0 | K38: 0 | L38: 0 | M38: 0 | N38: 0 | O38: 0 | P38: 0 | Q38: 0 | R38: 0 | S38: 1300 | T38: 0 | U38: 0 | V38: 200 | W38: 0 | X38: 200 | Y38: 0 | Z38: 0 | AA38: 0 | AB38: 0 | AC38: 0 | AD38: 0 | AE38: 0 | AF38: 0 | AG38: 0 | AH38: 300 | AI38: 0 | AJ38: 0 | AK38: 0 | AL38: 0 | AM38: 0 | AN38: =100+100+100 -> 300 | AO38: 0 | AP38: 0 | AQ38: 0 | AR38: 0 | AS38: 0 | AT38: 0 | AU38: 0 | AV38: 0 | AW38: 0 | AX38: 100 | AY38: 0 | AZ38: 100 | BA38: 0 | BB38: 0 | BC38: 0 | BD38: 0 | BE38: 0 | BF38: 0 | BG38: =G38-H38+I38-J38+K38-L38+M38-N38+O38-P38+Q38-R38+S38-T38+U38-V38+W38-X38+Y38-Z38+AA38-AB38+AC38-AD38+AE38-AF38+AG38-AH38+AI38-AJ38+AK38-AL38+AM38-AN38+AO38-AP38+AQ38-AR38+AS38-AT38+AU38-AV38+AW38-AX38+AY38-AZ38+BA38-BB38+BC38-BD38+BE38-BF38 -> 100 | BH38: 12 | BI38: =C38*BH38 -> 15600 | BJ38: =D38*BH38 -> 14400 | BK38: =E38*BH38 -> 1200
A39: Roll Mats (Large) | B39: ea | C39: =SUM(G39+I39+K39+M39+O39+Q39+S39+U39+W39+Y39+AA39+AC39+AE39+AG39+AI39+AK39+AM39+AQ39+AS39+AU39+AW39+AY39+BA39+BC39+BE39) -> 100 | D39: =SUM(H39+J39+L39+N39+P39+R39+T39+V39+X39+Z39+AB39+AD39+AF39+AH39+AJ39+AL39+AN39+AR39+AT39+AV39+AX39+AZ39+BB39+BD39+BF39) -> 100 | E39: =C39-D39 -> 0 | F39: MG | G39: 0 | H39: 0 | I39: 0 | J39: 0 | K39: 0 | L39: 0 | M39: 0 | N39: 0 | O39: 0 | P39: 0 | Q39: 0 | R39: 0 | S39: 100 | T39: 0 | U39: 0 | V39: 0 | W39: 0 | X39: 0 | Y39: 0 | Z39: 0 | AA39: 0 | AB39: 0 | AC39: 0 | AD39: 0 | AE39: 0 | AF39: 0 | AG39: 0 | AH39: 0 | AI39: 0 | AJ39: 0 | AK39: 0 | AL39: 0 | AM39: 0 | AN39: =20+20+20 -> 60 | AO39: 0 | AP39: 0 | AQ39: 0 | AR39: 0 | AS39: 0 | AT39: 0 | AU39: 0 | AV39: 0 | AW39: 0 | AX39: 20 | AY39: 0 | AZ39: 20 | BA39: 0 | BB39: 0 | BC39: 0 | BD39: 0 | BE39: 0 | BF39: 0 | BG39: =G39-H39+I39-J39+K39-L39+M39-N39+O39-P39+Q39-R39+S39-T39+U39-V39+W39-X39+Y39-Z39+AA39-AB39+AC39-AD39+AE39-AF39+AG39-AH39+AI39-AJ39+AK39-AL39+AM39-AN39+AO39-AP39+AQ39-AR39+AS39-AT39+AU39-AV39+AW39-AX39+AY39-AZ39+BA39-BB39+BC39-BD39+BE39-BF39 -> 0 | BH39: 15 | BI39: =C39*BH39 -> 1500 | BJ39: =D39*BH39 -> 1500 | BK39: =E39*BH39 -> 0
A40: Collapsible Jerrican | B40: ea | C40: =SUM(G40+I40+K40+M40+O40+Q40+S40+U40+W40+Y40+AA40+AC40+AE40+AG40+AI40+AK40+AM40+AQ40+AS40+AU40+AW40+AY40+BA40+BC40+BE40) -> 1870 | D40: =SUM(H40+J40+L40+N40+P40+R40+T40+V40+X40+Z40+AB40+AD40+AF40+AH40+AJ40+AL40+AN40+AR40+AT40+AV40+AX40+AZ40+BB40+BD40+BF40) -> 350 | E40: =C40-D40 -> 1520 | G40: 0 | H40: 0 | I40: 0 | J40: 0 | K40: 0 | L40: 0 | M40: 0 | N40: 0 | O40: 0 | P40: 0 | Q40: 0 | R40: 0 | S40: 350 | T40: 0 | U40: 0 | V40: 0 | W40: 0 | X40: 350 | Y40: 0 | Z40: 0 | AA40: 0 | AB40: 0 | AC40: 0 | AD40: 0 | AE40: 0 | AF40: 0 | AG40: 0 | AH40: 0 | AI40: 0 | AJ40: 0 | AK40: 1520 | AL40: 0 | AM40: 0 | AN40: 0 | AO40: 0 | AP40: 0 | AQ40: 0 | AR40: 0 | AS40: 0 | AT40: 0 | AU40: 0 | AV40: 0 | AW40: 0 | AX40: 0 | AY40: 0 | AZ40: 0 | BA40: 0 | BB40: 0 | BC40: 0 | BD40: 0 | BE40: 0 | BF40: 0 | BG40: =G40-H40+I40-J40+K40-L40+M40-N40+O40-P40+Q40-R40+S40-T40+U40-V40+W40-X40+Y40-Z40+AA40-AB40+AC40-AD40+AE40-AF40+AG40-AH40+AI40-AJ40+AK40-AL40+AM40-AN40+AO40-AP40+AQ40-AR40+AS40-AT40+AU40-AV40+AW40-AX40+AY40-AZ40+BA40-BB40+BC40-BD40+BE40-BF40 -> 1520 | BH40: 6.3 | BI40: =C40*BH40 -> 11781 | BJ40: =D40*BH40 -> 2205 | BK40: =E40*BH40 -> 9576
A41: Water Purifier System | B41: ea | C41: =SUM(G41+I41+K41+M41+O41+Q41+S41+U41+W41+Y41+AA41+AC41+AE41+AG41+AI41+AK41+AM41+AQ41+AS41+AU41+AW41+AY41+BA41+BC41+BE41) -> 20 | D41: =SUM(H41+J41+L41+N41+P41+R41+T41+V41+X41+Z41+AB41+AD41+AF41+AH41+AJ41+AL41+AN41+AR41+AT41+AV41+AX41+AZ41+BB41+BD41+BF41) -> 20 | E41: =C41-D41 -> 0 | G41: 0 | H41: 0 | I41: 0 | J41: 0 | K41: 0 | L41: 0 | M41: 0 | N41: 0 | O41: 0 | P41: 0 | Q41: 0 | R41: 0 | S41: 20 | T41: 0 | U41: 0 | V41: 0 | W41: 0 | X41: 20 | Y41: 0 | Z41: 0 | AA41: 0 | AB41: 0 | AC41: 0 | AD41: 0 | AE41: 0 | AF41: 0 | AG41: 0 | AH41: 0 | AI41: 0 | AJ41: 0 | AK41: 0 | AL41: 0 | AM41: 0 | AN41: 0 | AO41: 0 | AP41: 0 | AQ41: 0 | AR41: 0 | AS41: 0 | AT41: 0 | AU41: 0 | AV41: 0 | AW41: 0 | AX41: 0 | AY41: 0 | AZ41: 0 | BA41: 0 | BB41: 0 | BC41: 0 | BD41: 0 | BE41: 0 | BF41: 0 | BG41: =G41-H41+I41-J41+K41-L41+M41-N41+O41-P41+Q41-R41+S41-T41+U41-V41+W41-X41+Y41-Z41+AA41-AB41+AC41-AD41+AE41-AF41+AG41-AH41+AI41-AJ41+AK41-AL41+AM41-AN41+AO41-AP41+AQ41-AR41+AS41-AT41+AU41-AV41+AW41-AX41+AY41-AZ41+BA41-BB41+BC41-BD41+BE41-BF41 -> 0 | BH41: 25 | BI41: =C41*BH41 -> 500 | BJ41: =D41*BH41 -> 500 | BK41: =E41*BH41 -> 0
A42: Sleeping Mat | B42: ea | C42: =SUM(G42+I42+K42+M42+O42+Q42+S42+U42+W42+Y42+AA42+AC42+AE42+AG42+AI42+AK42+AM42+AQ42+AS42+AU42+AW42+AY42+BA42+BC42+BE42) -> 100 | D42: =SUM(H42+J42+L42+N42+P42+R42+T42+V42+X42+Z42+AB42+AD42+AF42+AH42+AJ42+AL42+AN42+AR42+AT42+AV42+AX42+AZ42+BB42+BD42+BF42) -> 50 | E42: =C42-D42 -> 50 | F42: MG | G42: 0 | H42: 0 | I42: 0 | J42: 0 | K42: 0 | L42: 0 | M42: 0 | N42: 0 | O42: 0 | P42: 0 | Q42: 0 | R42: 0 | S42: 0 | T42: 0 | U42: 100 | V42: 0 | W42: 0 | X42: 0 | Y42: 0 | Z42: 0 | AA42: 0 | AB42: 0 | AC42: 0 | AD42: 0 | AE42: 0 | AF42: 0 | AG42: 0 | AH42: 0 | AI42: 0 | AJ42: 0 | AK42: 0 | AL42: 0 | AM42: 0 | AN42: 0 | AO42: 0 | AP42: 0 | AQ42: 0 | AR42: 0 | AS42: 0 | AT42: 0 | AU42: 0 | AV42: 0 | AW42: 0 | AX42: 50 | AY42: 0 | AZ42: 0 | BA42: 0 | BB42: 0 | BC42: 0 | BD42: 0 | BE42: 0 | BF42: 0 | BG42: =G42-H42+I42-J42+K42-L42+M42-N42+O42-P42+Q42-R42+S42-T42+U42-V42+W42-X42+Y42-Z42+AA42-AB42+AC42-AD42+AE42-AF42+AG42-AH42+AI42-AJ42+AK42-AL42+AM42-AN42+AO42-AP42+AQ42-AR42+AS42-AT42+AU42-AV42+AW42-AX42+AY42-AZ42+BA42-BB42+BC42-BD42+BE42-BF42 -> 50 | BH42: 12 | BI42: =C42*BH42 -> 1200 | BJ42: =D42*BH42 -> 600 | BK42: =E42*BH42 -> 600
A43: Blankets | B43: ea | C43: =SUM(G43+I43+K43+M43+O43+Q43+S43+U43+W43+Y43+AA43+AC43+AE43+AG43+AI43+AK43+AM43+AQ43+AS43+AU43+AW43+AY43+BA43+BC43+BE43) -> 5680 | D43: =SUM(H43+J43+L43+N43+P43+R43+T43+V43+X43+Z43+AB43+AD43+AF43+AH43+AJ43+AL43+AN43+AR43+AT43+AV43+AX43+AZ43+BB43+BD43+BF43) -> 0 | E43: =C43-D43 -> 5680 | F43: MG | G43: 0 | H43: 0 | I43: 0 | J43: 0 | K43: 0 | L43: 0 | M43: 0 | N43: 0 | O43: 0 | P43: 0 | Q43: 0 | R43: 0 | S43: 0 | T43: 0 | U43: 120 | V43: 0 | W43: 0 | X43: 0 | Y43: 0 | Z43: 0 | AA43: 0 | AB43: 0 | AC43: 0 | AD43: 0 | AE43: 0 | AF43: 0 | AG43: 0 | AH43: 0 | AI43: 0 | AJ43: 0 | AK43: 5460 | AL43: 0 | AM43: 0 | AN43: 0 | AO43: 0 | AP43: 0 | AQ43: 0 | AR43: 0 | AS43: 100 | AT43: 0 | AU43: 0 | AV43: 0 | AW43: 0 | AX43: 0 | AY43: 0 | AZ43: 0 | BA43: 0 | BB43: 0 | BC43: 0 | BD43: 0 | BE43: 0 | BF43: 0 | BG43: =G43-H43+I43-J43+K43-L43+M43-N43+O43-P43+Q43-R43+S43-T43+U43-V43+W43-X43+Y43-Z43+AA43-AB43+AC43-AD43+AE43-AF43+AG43-AH43+AI43-AJ43+AK43-AL43+AM43-AN43+AO43-AP43+AQ43-AR43+AS43-AT43+AU43-AV43+AW43-AX43+AY43-AZ43+BA43-BB43+BC43-BD43+BE43-BF43 -> 5680 | BH43: 12 | BI43: =C43*BH43 -> 68160 | BJ43: =D43*BH43 -> 0 | BK43: =E43*BH43 -> 68160
A44: Sleeping Bag | B44: ea | C44: =SUM(G44+I44+K44+M44+O44+Q44+S44+U44+W44+Y44+AA44+AC44+AE44+AG44+AI44+AK44+AM44+AQ44+AS44+AU44+AW44+AY44+BA44+BC44+BE44) -> 120 | D44: =SUM(H44+J44+L44+N44+P44+R44+T44+V44+X44+Z44+AB44+AD44+AF44+AH44+AJ44+AL44+AN44+AR44+AT44+AV44+AX44+AZ44+BB44+BD44+BF44) -> 118 | E44: =C44-D44 -> 2 | F44: MG | G44: 0 | H44: 0 | I44: 0 | J44: 0 | K44: 0 | L44: 0 | M44: 0 | N44: 0 | O44: 0 | P44: 0 | Q44: 0 | R44: 0 | S44: 0 | T44: 0 | U44: 120 | V44: 0 | W44: 0 | X44: 0 | Y44: 0 | Z44: 22 | AA44: 0 | AB44: 0 | AC44: 0 | AD44: 0 | AE44: 0 | AF44: 0 | AG44: 0 | AH44: 0 | AI44: 0 | AJ44: 0 | AK44: 0 | AL44: 0 | AM44: 0 | AN44: =20+20+20 -> 60 | AO44: 0 | AP44: 0 | AQ44: 0 | AR44: 0 | AS44: 0 | AT44: 0 | AU44: 0 | AV44: 0 | AW44: 0 | AX44: =20 -> 20 | AY44: 0 | AZ44: 16 | BA44: 0 | BB44: 0 | BC44: 0 | BD44: 0 | BE44: 0 | BF44: 0 | BG44: =G44-H44+I44-J44+K44-L44+M44-N44+O44-P44+Q44-R44+S44-T44+U44-V44+W44-X44+Y44-Z44+AA44-AB44+AC44-AD44+AE44-AF44+AG44-AH44+AI44-AJ44+AK44-AL44+AM44-AN44+AO44-AP44+AQ44-AR44+AS44-AT44+AU44-AV44+AW44-AX44+AY44-AZ44+BA44-BB44+BC44-BD44+BE44-BF44 -> 2 | BH44: 30 | BI44: =C44*BH44 -> 3600 | BJ44: =D44*BH44 -> 3540 | BK44: =E44*BH44 -> 60
A45: Garbage Bags | B45: ea | C45: =SUM(G45+I45+K45+M45+O45+Q45+S45+U45+W45+Y45+AA45+AC45+AE45+AG45+AI45+AK45+AM45+AQ45+AS45+AU45+AW45+AY45+BA45+BC45+BE45) -> 31100 | D45: =SUM(H45+J45+L45+N45+P45+R45+T45+V45+X45+Z45+AB45+AD45+AF45+AH45+AJ45+AL45+AN45+AR45+AT45+AV45+AX45+AZ45+BB45+BD45+BF45) -> 9600 | E45: =C45-D45 -> 21500 | F45: MG, KW | G45: 0 | H45: 0 | I45: 0 | J45: 0 | K45: 0 | L45: 0 | M45: 0 | N45: 0 | O45: 0 | P45: 0 | Q45: 0 | R45: 0 | S45: 0 | T45: 0 | U45: 0 | V45: 0 | W45: 0 | X45: 0 | Y45: =3100+1950+4900+750+20400 -> 31100 | Z45: 0 | AA45: 0 | AB45: 0 | AC45: 0 | AD45: 0 | AE45: 0 | AF45: 0 | AG45: 0 | AH45: 0 | AI45: 0 | AJ45: 0 | AK45: 0 | AL45: 0 | AM45: 0 | AN45: =2400+2400+2400 -> 7200 | AO45: 0 | AP45: 0 | AQ45: 0 | AR45: 0 | AS45: 0 | AT45: 0 | AU45: 0 | AV45: 0 | AW45: 0 | AX45: =2400 -> 2400 | AY45: 0 | AZ45: 0 | BA45: 0 | BB45: 0 | BC45: 0 | BD45: 0 | BE45: 0 | BF45: 0 | BG45: =G45-H45+I45-J45+K45-L45+M45-N45+O45-P45+Q45-R45+S45-T45+U45-V45+W45-X45+Y45-Z45+AA45-AB45+AC45-AD45+AE45-AF45+AG45-AH45+AI45-AJ45+AK45-AL45+AM45-AN45+AO45-AP45+AQ45-AR45+AS45-AT45+AU45-AV45+AW45-AX45+AY45-AZ45+BA45-BB45+BC45-BD45+BE45-BF45 -> 21500 | BH45: 0.25 | BI45: =C45*BH45 -> 7775 | BJ45: =D45*BH45 -> 2400 | BK45: =E45*BH45 -> 5375
A46: Air Dryer (X-Power) | B46: ea | C46: =SUM(G46+I46+K46+M46+O46+Q46+S46+U46+W46+Y46+AA46+AC46+AE46+AG46+AI46+AK46+AM46+AQ46+AS46+AU46+AW46+AY46+BA46+BC46+BE46) -> 59 | D46: =SUM(H46+J46+L46+N46+P46+R46+T46+V46+X46+Z46+AB46+AD46+AF46+AH46+AJ46+AL46+AN46+AR46+AT46+AV46+AX46+AZ46+BB46+BD46+BF46) -> 0 | E46: =C46-D46 -> 59 | F46: 24-MG, 35-KW | G46: 0 | H46: 0 | I46: 0 | J46: 0 | K46: 0 | L46: 0 | M46: 0 | N46: 0 | O46: 0 | P46: 0 | Q46: 0 | R46: 0 | S46: 0 | T46: 0 | U46: 0 | V46: 0 | W46: 0 | X46: 0 | Y46: =21+14+24 -> 59 | Z46: 0 | AA46: 0 | AB46: 0 | AC46: 0 | AD46: 0 | AE46: 0 | AF46: 0 | AG46: 0 | AH46: 0 | AI46: 0 | AJ46: 0 | AK46: 0 | AL46: 0 | AM46: 0 | AN46: 0 | AO46: 0 | AP46: 0 | AQ46: 0 | AR46: 0 | AS46: 0 | AT46: 0 | AU46: 0 | AV46: 0 | AW46: 0 | AX46: 0 | AY46: 0 | AZ46: 0 | BA46: 0 | BB46: 0 | BC46: 0 | BD46: 0 | BE46: 0 | BF46: 0 | BG46: =G46-H46+I46-J46+K46-L46+M46-N46+O46-P46+Q46-R46+S46-T46+U46-V46+W46-X46+Y46-Z46+AA46-AB46+AC46-AD46+AE46-AF46+AG46-AH46+AI46-AJ46+AK46-AL46+AM46-AN46+AO46-AP46+AQ46-AR46+AS46-AT46+AU46-AV46+AW46-AX46+AY46-AZ46+BA46-BB46+BC46-BD46+BE46-BF46 -> 59 | BH46: 370 | BI46: =C46*BH46 -> 21830 | BJ46: =D46*BH46 -> 0 | BK46: =E46*BH46 -> 21830
A47: Broom (Small) | B47: ea | C47: =SUM(G47+I47+K47+M47+O47+Q47+S47+U47+W47+Y47+AA47+AC47+AE47+AG47+AI47+AK47+AM47+AQ47+AS47+AU47+AW47+AY47+BA47+BC47+BE47) -> 40 | D47: =SUM(H47+J47+L47+N47+P47+R47+T47+V47+X47+Z47+AB47+AD47+AF47+AH47+AJ47+AL47+AN47+AR47+AT47+AV47+AX47+AZ47+BB47+BD47+BF47) -> 0 | E47: =C47-D47 -> 40 | F47: MG | G47: 0 | H47: 0 | I47: 0 | J47: 0 | K47: 0 | L47: 0 | M47: 0 | N47: 0 | O47: 0 | P47: 0 | Q47: 0 | R47: 0 | S47: 0 | T47: 0 | U47: 0 | V47: 0 | W47: 0 | X47: 0 | Y47: =14+10+16 -> 40 | Z47: 0 | AA47: 0 | AB47: 0 | AC47: 0 | AD47: 0 | AE47: 0 | AF47: 0 | AG47: 0 | AH47: 0 | AI47: 0 | AJ47: 0 | AK47: 0 | AL47: 0 | AM47: 0 | AN47: 0 | AO47: 0 | AP47: 0 | AQ47: 0 | AR47: 0 | AS47: 0 | AT47: 0 | AU47: 0 | AV47: 0 | AW47: 0 | AX47: 0 | AY47: 0 | AZ47: 0 | BA47: 0 | BB47: 0 | BC47: 0 | BD47: 0 | BE47: 0 | BF47: 0 | BG47: =G47-H47+I47-J47+K47-L47+M47-N47+O47-P47+Q47-R47+S47-T47+U47-V47+W47-X47+Y47-Z47+AA47-AB47+AC47-AD47+AE47-AF47+AG47-AH47+AI47-AJ47+AK47-AL47+AM47-AN47+AO47-AP47+AQ47-AR47+AS47-AT47+AU47-AV47+AW47-AX47+AY47-AZ47+BA47-BB47+BC47-BD47+BE47-BF47 -> 40 | BH47: 2 | BI47: =C47*BH47 -> 80 | BJ47: =D47*BH47 -> 0 | BK47: =E47*BH47 -> 80
A48: Broom (large) | B48: ea | C48: =SUM(G48+I48+K48+M48+O48+Q48+S48+U48+W48+Y48+AA48+AC48+AE48+AG48+AI48+AK48+AM48+AQ48+AS48+AU48+AW48+AY48+BA48+BC48+BE48) -> 60 | D48: =SUM(H48+J48+L48+N48+P48+R48+T48+V48+X48+Z48+AB48+AD48+AF48+AH48+AJ48+AL48+AN48+AR48+AT48+AV48+AX48+AZ48+BB48+BD48+BF48) -> 0 | E48: =C48-D48 -> 60 | F48: MG | G48: 0 | H48: 0 | I48: 0 | J48: 0 | K48: 0 | L48: 0 | M48: 0 | N48: 0 | O48: 0 | P48: 0 | Q48: 0 | R48: 0 | S48: 0 | T48: 0 | U48: 0 | V48: 0 | W48: 0 | X48: 0 | Y48: =21+15+24 -> 60 | Z48: 0 | AA48: 0 | AB48: 0 | AC48: 0 | AD48: 0 | AE48: 0 | AF48: 0 | AG48: 0 | AH48: 0 | AI48: 0 | AJ48: 0 | AK48: 0 | AL48: 0 | AM48: 0 | AN48: 0 | AO48: 0 | AP48: 0 | AQ48: 0 | AR48: 0 | AS48: 0 | AT48: 0 | AU48: 0 | AV48: 0 | AW48: 0 | AX48: 0 | AY48: 0 | AZ48: 0 | BA48: 0 | BB48: 0 | BC48: 0 | BD48: 0 | BE48: 0 | BF48: 0 | BG48: =G48-H48+I48-J48+K48-L48+M48-N48+O48-P48+Q48-R48+S48-T48+U48-V48+W48-X48+Y48-Z48+AA48-AB48+AC48-AD48+AE48-AF48+AG48-AH48+AI48-AJ48+AK48-AL48+AM48-AN48+AO48-AP48+AQ48-AR48+AS48-AT48+AU48-AV48+AW48-AX48+AY48-AZ48+BA48-BB48+BC48-BD48+BE48-BF48 -> 60 | BH48: 5 | BI48: =C48*BH48 -> 300 | BJ48: =D48*BH48 -> 0 | BK48: =E48*BH48 -> 300
A49: Shovels | B49: ea | C49: =SUM(G49+I49+K49+M49+O49+Q49+S49+U49+W49+Y49+AA49+AC49+AE49+AG49+AI49+AK49+AM49+AQ49+AS49+AU49+AW49+AY49+BA49+BC49+BE49) -> 60 | D49: =SUM(H49+J49+L49+N49+P49+R49+T49+V49+X49+Z49+AB49+AD49+AF49+AH49+AJ49+AL49+AN49+AR49+AT49+AV49+AX49+AZ49+BB49+BD49+BF49) -> 0 | E49: =C49-D49 -> 60 | F49: MG | G49: 0 | H49: 0 | I49: 0 | J49: 0 | K49: 0 | L49: 0 | M49: 0 | N49: 0 | O49: 0 | P49: 0 | Q49: 0 | R49: 0 | S49: 0 | T49: 0 | U49: 0 | V49: 0 | W49: 0 | X49: 0 | Y49: =21+15+24 -> 60 | Z49: 0 | AA49: 0 | AB49: 0 | AC49: 0 | AD49: 0 | AE49: 0 | AF49: 0 | AG49: 0 | AH49: 0 | AI49: 0 | AJ49: 0 | AK49: 0 | AL49: 0 | AM49: 0 | AN49: 0 | AO49: 0 | AP49: 0 | AQ49: 0 | AR49: 0 | AS49: 0 | AT49: 0 | AU49: 0 | AV49: 0 | AW49: 0 | AX49: 0 | AY49: 0 | AZ49: 0 | BA49: 0 | BB49: 0 | BC49: 0 | BD49: 0 | BE49: 0 | BF49: 0 | BG49: =G49-H49+I49-J49+K49-L49+M49-N49+O49-P49+Q49-R49+S49-T49+U49-V49+W49-X49+Y49-Z49+AA49-AB49+AC49-AD49+AE49-AF49+AG49-AH49+AI49-AJ49+AK49-AL49+AM49-AN49+AO49-AP49+AQ49-AR49+AS49-AT49+AU49-AV49+AW49-AX49+AY49-AZ49+BA49-BB49+BC49-BD49+BE49-BF49 -> 60 | BH49: 15 | BI49: =C49*BH49 -> 900 | BJ49: =D49*BH49 -> 0 | BK49: =E49*BH49 -> 900
A50: Safety goggles, Mops and Gloves Kit | B50: ea | C50: =SUM(G50+I50+K50+M50+O50+Q50+S50+U50+W50+Y50+AA50+AC50+AE50+AG50+AI50+AK50+AM50+AQ50+AS50+AU50+AW50+AY50+BA50+BC50+BE50) -> 22 | D50: =SUM(H50+J50+L50+N50+P50+R50+T50+V50+X50+Z50+AB50+AD50+AF50+AH50+AJ50+AL50+AN50+AR50+AT50+AV50+AX50+AZ50+BB50+BD50+BF50) -> 0 | E50: =C50-D50 -> 22 | F50: MG | G50: 0 | H50: 0 | I50: 0 | J50: 0 | K50: 0 | L50: 0 | M50: 0 | N50: 0 | O50: 0 | P50: 0 | Q50: 0 | R50: 0 | S50: 0 | T50: 0 | U50: 0 | V50: 0 | W50: 0 | X50: 0 | Y50: =15+7 -> 22 | Z50: 0 | AA50: 0 | AB50: 0 | AC50: 0 | AD50: 0 | AE50: 0 | AF50: 0 | AG50: 0 | AH50: 0 | AI50: 0 | AJ50: 0 | AK50: 0 | AL50: 0 | AM50: 0 | AN50: 0 | AO50: 0 | AP50: 0 | AQ50: 0 | AR50: 0 | AS50: 0 | AT50: 0 | AU50: 0 | AV50: 0 | AW50: 0 | AX50: 0 | AY50: 0 | AZ50: 0 | BA50: 0 | BB50: 0 | BC50: 0 | BD50: 0 | BE50: 0 | BF50: 0 | BG50: =G50-H50+I50-J50+K50-L50+M50-N50+O50-P50+Q50-R50+S50-T50+U50-V50+W50-X50+Y50-Z50+AA50-AB50+AC50-AD50+AE50-AF50+AG50-AH50+AI50-AJ50+AK50-AL50+AM50-AN50+AO50-AP50+AQ50-AR50+AS50-AT50+AU50-AV50+AW50-AX50+AY50-AZ50+BA50-BB50+BC50-BD50+BE50-BF50 -> 22 | BH50: 10 | BI50: =C50*BH50 -> 220 | BJ50: =D50*BH50 -> 0 | BK50: =E50*BH50 -> 220
A51: Disposable Coverall | B51: ea | C51: =SUM(G51+I51+K51+M51+O51+Q51+S51+U51+W51+Y51+AA51+AC51+AE51+AG51+AI51+AK51+AM51+AQ51+AS51+AU51+AW51+AY51+BA51+BC51+BE51) -> 300 | D51: =SUM(H51+J51+L51+N51+P51+R51+T51+V51+X51+Z51+AB51+AD51+AF51+AH51+AJ51+AL51+AN51+AR51+AT51+AV51+AX51+AZ51+BB51+BD51+BF51) -> 0 | E51: =C51-D51 -> 300 | F51: MG | G51: 0 | H51: 0 | I51: 0 | J51: 0 | K51: 0 | L51: 0 | M51: 0 | N51: 0 | O51: 0 | P51: 0 | Q51: 0 | R51: 0 | S51: 0 | T51: 0 | U51: 0 | V51: 0 | W51: 0 | X51: 0 | Y51: =105+75+120 -> 300 | Z51: 0 | AA51: 0 | AB51: 0 | AC51: 0 | AD51: 0 | AE51: 0 | AF51: 0 | AG51: 0 | AH51: 0 | AI51: 0 | AJ51: 0 | AK51: 0 | AL51: 0 | AM51: 0 | AN51: 0 | AO51: 0 | AP51: 0 | AQ51: 0 | AR51: 0 | AS51: 0 | AT51: 0 | AU51: 0 | AV51: 0 | AW51: 0 | AX51: 0 | AY51: 0 | AZ51: 0 | BA51: 0 | BB51: 0 | BC51: 0 | BD51: 0 | BE51: 0 | BF51: 0 | BG51: =G51-H51+I51-J51+K51-L51+M51-N51+O51-P51+Q51-R51+S51-T51+U51-V51+W51-X51+Y51-Z51+AA51-AB51+AC51-AD51+AE51-AF51+AG51-AH51+AI51-AJ51+AK51-AL51+AM51-AN51+AO51-AP51+AQ51-AR51+AS51-AT51+AU51-AV51+AW51-AX51+AY51-AZ51+BA51-BB51+BC51-BD51+BE51-BF51 -> 300 | BH51: 5 | BI51: =C51*BH51 -> 1500 | BJ51: =D51*BH51 -> 0 | BK51: =E51*BH51 -> 1500
A52: Respirator (Dusk Mask) | B52: ea | C52: =SUM(G52+I52+K52+M52+O52+Q52+S52+U52+W52+Y52+AA52+AC52+AE52+AG52+AI52+AK52+AM52+AQ52+AS52+AU52+AW52+AY52+BA52+BC52+BE52) -> 225 | D52: =SUM(H52+J52+L52+N52+P52+R52+T52+V52+X52+Z52+AB52+AD52+AF52+AH52+AJ52+AL52+AN52+AR52+AT52+AV52+AX52+AZ52+BB52+BD52+BF52) -> 0 | E52: =C52-D52 -> 225 | F52: MG | G52: 0 | H52: 0 | I52: 0 | J52: 0 | K52: 0 | L52: 0 | M52: 0 | N52: 0 | O52: 0 | P52: 0 | Q52: 0 | R52: 0 | S52: 0 | T52: 0 | U52: 0 | V52: 0 | W52: 0 | X52: 0 | Y52: =120+105 -> 225 | Z52: 0 | AA52: 0 | AB52: 0 | AC52: 0 | AD52: 0 | AE52: 0 | AF52: 0 | AG52: 0 | AH52: 0 | AI52: 0 | AJ52: 0 | AK52: 0 | AL52: 0 | AM52: 0 | AN52: 0 | AO52: 0 | AP52: 0 | AQ52: 0 | AR52: 0 | AS52: 0 | AT52: 0 | AU52: 0 | AV52: 0 | AW52: 0 | AX52: 0 | AY52: 0 | AZ52: 0 | BA52: 0 | BB52: 0 | BC52: 0 | BD52: 0 | BE52: 0 | BF52: 0 | BG52: =G52-H52+I52-J52+K52-L52+M52-N52+O52-P52+Q52-R52+S52-T52+U52-V52+W52-X52+Y52-Z52+AA52-AB52+AC52-AD52+AE52-AF52+AG52-AH52+AI52-AJ52+AK52-AL52+AM52-AN52+AO52-AP52+AQ52-AR52+AS52-AT52+AU52-AV52+AW52-AX52+AY52-AZ52+BA52-BB52+BC52-BD52+BE52-BF52 -> 225 | BH52: 10 | BI52: =C52*BH52 -> 2250 | BJ52: =D52*BH52 -> 0 | BK52: =E52*BH52 -> 2250
A53: Leather Gloves | B53: ea | C53: =SUM(G53+I53+K53+M53+O53+Q53+S53+U53+W53+Y53+AA53+AC53+AE53+AG53+AI53+AK53+AM53+AQ53+AS53+AU53+AW53+AY53+BA53+BC53+BE53) -> 180 | D53: =SUM(H53+J53+L53+N53+P53+R53+T53+V53+X53+Z53+AB53+AD53+AF53+AH53+AJ53+AL53+AN53+AR53+AT53+AV53+AX53+AZ53+BB53+BD53+BF53) -> 0 | E53: =C53-D53 -> 180 | F53: MG | G53: 0 | H53: 0 | I53: 0 | J53: 0 | K53: 0 | L53: 0 | M53: 0 | N53: 0 | O53: 0 | P53: 0 | Q53: 0 | R53: 0 | S53: 0 | T53: 0 | U53: 0 | V53: 0 | W53: 0 | X53: 0 | Y53: =60+120 -> 180 | Z53: 0 | AA53: 0 | AB53: 0 | AC53: 0 | AD53: 0 | AE53: 0 | AF53: 0 | AG53: 0 | AH53: 0 | AI53: 0 | AJ53: 0 | AK53: 0 | AL53: 0 | AM53: 0 | AN53: 0 | AO53: 0 | AP53: 0 | AQ53: 0 | AR53: 0 | AS53: 0 | AT53: 0 | AU53: 0 | AV53: 0 | AW53: 0 | AX53: 0 | AY53: 0 | AZ53: 0 | BA53: 0 | BB53: 0 | BC53: 0 | BD53: 0 | BE53: 0 | BF53: 0 | BG53: =G53-H53+I53-J53+K53-L53+M53-N53+O53-P53+Q53-R53+S53-T53+U53-V53+W53-X53+Y53-Z53+AA53-AB53+AC53-AD53+AE53-AF53+AG53-AH53+AI53-AJ53+AK53-AL53+AM53-AN53+AO53-AP53+AQ53-AR53+AS53-AT53+AU53-AV53+AW53-AX53+AY53-AZ53+BA53-BB53+BC53-BD53+BE53-BF53 -> 180 | BH53: 7 | BI53: =C53*BH53 -> 1260 | BJ53: =D53*BH53 -> 0 | BK53: =E53*BH53 -> 1260
A54: Water Containers | B54: ea | C54: =SUM(G54+I54+K54+M54+O54+Q54+S54+U54+W54+Y54+AA54+AC54+AE54+AG54+AI54+AK54+AM54+AQ54+AS54+AU54+AW54+AY54+BA54+BC54+BE54) -> 9 | D54: =SUM(H54+J54+L54+N54+P54+R54+T54+V54+X54+Z54+AB54+AD54+AF54+AH54+AJ54+AL54+AN54+AR54+AT54+AV54+AX54+AZ54+BB54+BD54+BF54) -> 0 | E54: =C54-D54 -> 9 | F54: KW | G54: 0 | H54: 0 | I54: 0 | J54: 0 | K54: 0 | L54: 0 | M54: 0 | N54: 0 | O54: 0 | P54: 0 | Q54: 0 | R54: 0 | S54: 0 | T54: 0 | U54: 0 | V54: 0 | W54: 0 | X54: 0 | Y54: 0 | Z54: 0 | AA54: 0 | AB54: 0 | AC54: 0 | AD54: 0 | AE54: 9 | AF54: 0 | AG54: 0 | AH54: 0 | AI54: 0 | AJ54: 0 | AK54: 0 | AL54: 0 | AM54: 0 | AN54: 0 | AO54: 0 | AP54: 0 | AQ54: 0 | AR54: 0 | AS54: 0 | AT54: 0 | AU54: 0 | AV54: 0 | AW54: 0 | AX54: 0 | AY54: 0 | AZ54: 0 | BA54: 0 | BB54: 0 | BC54: 0 | BD54: 0 | BE54: 0 | BF54: 0 | BG54: =G54-H54+I54-J54+K54-L54+M54-N54+O54-P54+Q54-R54+S54-T54+U54-V54+W54-X54+Y54-Z54+AA54-AB54+AC54-AD54+AE54-AF54+AG54-AH54+AI54-AJ54+AK54-AL54+AM54-AN54+AO54-AP54+AQ54-AR54+AS54-AT54+AU54-AV54+AW54-AX54+AY54-AZ54+BA54-BB54+BC54-BD54+BE54-BF54 -> 9 | BH54: 10 | BI54: =C54*BH54 -> 90 | BJ54: =D54*BH54 -> 0 | BK54: =E54*BH54 -> 90
A55: Buckets with Covers | B55: ea | C55: =SUM(G55+I55+K55+M55+O55+Q55+S55+U55+W55+Y55+AA55+AC55+AE55+AG55+AI55+AK55+AM55+AQ55+AS55+AU55+AW55+AY55+BA55+BC55+BE55) -> 170 | D55: =SUM(H55+J55+L55+N55+P55+R55+T55+V55+X55+Z55+AB55+AD55+AF55+AH55+AJ55+AL55+AN55+AR55+AT55+AV55+AX55+AZ55+BB55+BD55+BF55) -> 50 | E55: =C55-D55 -> 120 | G55: 0 | H55: 0 | I55: 0 | J55: 0 | K55: 50 | L55: 0 | M55: 0 | N55: 0 | O55: 0 | P55: 50 | Q55: 0 | R55: 0 | S55: 0 | T55: 0 | U55: 0 | V55: 0 | W55: 0 | X55: 0 | Y55: =42+30+48 -> 120 | Z55: 0 | AA55: 0 | AB55: 0 | AC55: 0 | AD55: 0 | AE55: 0 | AF55: 0 | AG55: 0 | AH55: 0 | AI55: 0 | AJ55: 0 | AK55: 0 | AL55: 0 | AM55: 0 | AN55: 0 | AO55: 0 | AP55: 0 | AQ55: 0 | AR55: 0 | AS55: 0 | AT55: 0 | AU55: 0 | AV55: 0 | AW55: 0 | AX55: 0 | AY55: 0 | AZ55: 0 | BA55: 0 | BB55: 0 | BC55: 0 | BD55: 0 | BE55: 0 | BF55: 0 | BG55: =G55-H55+I55-J55+K55-L55+M55-N55+O55-P55+Q55-R55+S55-T55+U55-V55+W55-X55+Y55-Z55+AA55-AB55+AC55-AD55+AE55-AF55+AG55-AH55+AI55-AJ55+AK55-AL55+AM55-AN55+AO55-AP55+AQ55-AR55+AS55-AT55+AU55-AV55+AW55-AX55+AY55-AZ55+BA55-BB55+BC55-BD55+BE55-BF55 -> 120 | BH55: 5 | BI55: =C55*BH55 -> 850
A56: Mosquito Dome | B56: ea | C56: =SUM(G56+I56+K56+M56+O56+Q56+S56+U56+W56+Y56+AA56+AC56+AE56+AG56+AI56+AK56+AM56+AQ56+AS56+AU56+AW56+AY56+BA56+BC56+BE56) -> 1492 | D56: =SUM(H56+J56+L56+N56+P56+R56+T56+V56+X56+Z56+AB56+AD56+AF56+AH56+AJ56+AL56+AN56+AR56+AT56+AV56+AX56+AZ56+BB56+BD56+BF56) -> 0 | E56: =C56-D56 -> 1492 | G56: 0 | H56: 0 | I56: 0 | J56: 0 | K56: 0 | L56: 0 | M56: 0 | N56: 0 | O56: 0 | P56: 0 | Q56: 0 | R56: 0 | S56: 0 | T56: 0 | U56: 0 | V56: 0 | W56: 0 | X56: 0 | Y56: 0 | Z56: 0 | AA56: 0 | AB56: 0 | AC56: 0 | AD56: 0 | AE56: 0 | AF56: 0 | AG56: 0 | AH56: 0 | AI56: 0 | AJ56: 0 | AK56: 1492 | AL56: 0 | AM56: 0 | AN56: 0 | AO56: 0 | AP56: 0 | AQ56: 0 | AR56: 0 | AS56: 0 | AT56: 0 | AU56: 0 | AV56: 0 | AW56: 0 | AX56: 0 | AY56: 0 | AZ56: 0 | BA56: 0 | BB56: 0 | BC56: 0 | BD56: 0 | BE56: 0 | BF56: 0 | BG56: =G56-H56+I56-J56+K56-L56+M56-N56+O56-P56+Q56-R56+S56-T56+U56-V56+W56-X56+Y56-Z56+AA56-AB56+AC56-AD56+AE56-AF56+AG56-AH56+AI56-AJ56+AK56-AL56+AM56-AN56+AO56-AP56+AQ56-AR56+AS56-AT56+AU56-AV56+AW56-AX56+AY56-AZ56+BA56-BB56+BC56-BD56+BE56-BF56 -> 1492 | BH56: 71 | BI56: =C56*BH56 -> 105932
A57: Pajamas | B57: ea | C57: =SUM(G57+I57+K57+M57+O57+Q57+S57+U57+W57+Y57+AA57+AC57+AE57+AG57+AI57+AK57+AM57+AQ57+AS57+AU57+AW57+AY57+BA57+BC57+BE57) -> 38 | D57: =SUM(H57+J57+L57+N57+P57+R57+T57+V57+X57+Z57+AB57+AD57+AF57+AH57+AJ57+AL57+AN57+AR57+AT57+AV57+AX57+AZ57+BB57+BD57+BF57) -> 0 | E57: =C57-D57 -> 38 | F57: Mobay-38 | G57: 0 | H57: 0 | I57: 0 | J57: 0 | K57: 0 | L57: 0 | M57: 0 | N57: 0 | O57: 0 | P57: 0 | Q57: 0 | R57: 0 | S57: 0 | T57: 0 | U57: 0 | V57: 0 | W57: 0 | X57: 0 | Y57: 0 | Z57: 0 | AA57: 0 | AB57: 0 | AC57: 0 | AD57: 0 | AE57: 0 | AF57: 0 | AG57: 0 | AH57: 0 | AI57: 0 | AJ57: 0 | AK57: 0 | AL57: 0 | AM57: 0 | AN57: 0 | AO57: 0 | AP57: 0 | AQ57: 0 | AR57: 0 | AS57: 38 | AT57: 0 | AU57: 0 | AV57: 0 | AW57: 0 | AX57: 0 | AY57: 0 | AZ57: 0 | BA57: 0 | BB57: 0 | BC57: 0 | BD57: 0 | BE57: 0 | BF57: 0 | BG57: =G57-H57+I57-J57+K57-L57+M57-N57+O57-P57+Q57-R57+S57-T57+U57-V57+W57-X57+Y57-Z57+AA57-AB57+AC57-AD57+AE57-AF57+AG57-AH57+AI57-AJ57+AK57-AL57+AM57-AN57+AO57-AP57+AQ57-AR57+AS57-AT57+AU57-AV57+AW57-AX57+AY57-AZ57+BA57-BB57+BC57-BD57+BE57-BF57 -> 38 | BH57: 25.9 | BI57: =C57*BH57 -> 984.2 | BJ57: =D57*BH57 -> 0 | BK57: =E57*BH57 -> 984.2
A58: IGL Gas | B58: ea | C58: =SUM(G58+I58+K58+M58+O58+Q58+S58+U58+W58+Y58+AA58+AC58+AE58+AG58+AI58+AK58+AM58+AQ58+AS58+AU58+AW58+AY58+BA58+BC58+BE58) -> 50 | D58: =SUM(H58+J58+L58+N58+P58+R58+T58+V58+X58+Z58+AB58+AD58+AF58+AH58+AJ58+AL58+AN58+AR58+AT58+AV58+AX58+AZ58+BB58+BD58+BF58) -> 10 | E58: =C58-D58 -> 40 | G58: 0 | H58: 0 | I58: 0 | J58: 0 | K58: 0 | L58: 0 | M58: 0 | N58: 0 | O58: 0 | P58: 0 | Q58: 0 | R58: 0 | S58: 0 | T58: 0 | U58: 0 | V58: 0 | W58: 0 | X58: 0 | Y58: 0 | Z58: 0 | AA58: 0 | AB58: 0 | AC58: 0 | AD58: 0 | AE58: 0 | AF58: 0 | AG58: 0 | AH58: 0 | AI58: 0 | AJ58: 0 | AK58: 0 | AL58: 0 | AM58: 0 | AN58: 0 | AO58: 0 | AP58: 0 | AQ58: 0 | AR58: 0 | AS58: 0 | AT58: 0 | AU58: 0 | AV58: 0 | AW58: 50 | AX58: 10 | AY58: 0 | AZ58: 0 | BA58: 0 | BB58: 0 | BC58: 0 | BD58: 0 | BE58: 0 | BF58: 0 | BG58: =G58-H58+I58-J58+K58-L58+M58-N58+O58-P58+Q58-R58+S58-T58+U58-V58+W58-X58+Y58-Z58+AA58-AB58+AC58-AD58+AE58-AF58+AG58-AH58+AI58-AJ58+AK58-AL58+AM58-AN58+AO58-AP58+AQ58-AR58+AS58-AT58+AU58-AV58+AW58-AX58+AY58-AZ58+BA58-BB58+BC58-BD58+BE58-BF58 -> 40
A59: IGL Regulator | B59: ea | C59: =SUM(G59+I59+K59+M59+O59+Q59+S59+U59+W59+Y59+AA59+AC59+AE59+AG59+AI59+AK59+AM59+AQ59+AS59+AU59+AW59+AY59+BA59+BC59+BE59) -> 50 | D59: =SUM(H59+J59+L59+N59+P59+R59+T59+V59+X59+Z59+AB59+AD59+AF59+AH59+AJ59+AL59+AN59+AR59+AT59+AV59+AX59+AZ59+BB59+BD59+BF59) -> 10 | E59: =C59-D59 -> 40 | G59: 0 | H59: 0 | I59: 0 | J59: 0 | K59: 0 | L59: 0 | M59: 0 | N59: 0 | O59: 0 | P59: 0 | Q59: 0 | R59: 0 | S59: 0 | T59: 0 | U59: 0 | V59: 0 | W59: 0 | X59: 0 | Y59: 0 | Z59: 0 | AA59: 0 | AB59: 0 | AC59: 0 | AD59: 0 | AE59: 0 | AF59: 0 | AG59: 0 | AH59: 0 | AI59: 0 | AJ59: 0 | AK59: 0 | AL59: 0 | AM59: 0 | AN59: 0 | AO59: 0 | AP59: 0 | AQ59: 0 | AR59: 0 | AS59: 0 | AT59: 0 | AU59: 0 | AV59: 0 | AW59: 50 | AX59: 10 | AY59: 0 | AZ59: 0 | BA59: 0 | BB59: 0 | BC59: 0 | BD59: 0 | BE59: 0 | BF59: 0 | BG59: =G59-H59+I59-J59+K59-L59+M59-N59+O59-P59+Q59-R59+S59-T59+U59-V59+W59-X59+Y59-Z59+AA59-AB59+AC59-AD59+AE59-AF59+AG59-AH59+AI59-AJ59+AK59-AL59+AM59-AN59+AO59-AP59+AQ59-AR59+AS59-AT59+AU59-AV59+AW59-AX59+AY59-AZ59+BA59-BB59+BC59-BD59+BE59-BF59 -> 40
A60: Table Top Stove (2 Burner) | B60: ea | C60: =SUM(G60+I60+K60+M60+O60+Q60+S60+U60+W60+Y60+AA60+AC60+AE60+AG60+AI60+AK60+AM60+AQ60+AS60+AU60+AW60+AY60+BA60+BC60+BE60) -> 50 | D60: =SUM(H60+J60+L60+N60+P60+R60+T60+V60+X60+Z60+AB60+AD60+AF60+AH60+AJ60+AL60+AN60+AR60+AT60+AV60+AX60+AZ60+BB60+BD60+BF60) -> 10 | E60: =C60-D60 -> 40 | G60: 0 | H60: 0 | I60: 0 | J60: 0 | K60: 0 | L60: 0 | M60: 0 | N60: 0 | O60: 0 | P60: 0 | Q60: 0 | R60: 0 | S60: 0 | T60: 0 | U60: 0 | V60: 0 | W60: 0 | X60: 0 | Y60: 0 | Z60: 0 | AA60: 0 | AB60: 0 | AC60: 0 | AD60: 0 | AE60: 0 | AF60: 0 | AG60: 0 | AH60: 0 | AI60: 0 | AJ60: 0 | AK60: 0 | AL60: 0 | AM60: 0 | AN60: 0 | AO60: 0 | AP60: 0 | AQ60: 0 | AR60: 0 | AS60: 0 | AT60: 0 | AU60: 0 | AV60: 0 | AW60: 50 | AX60: 10 | AY60: 0 | AZ60: 0 | BA60: 0 | BB60: 0 | BC60: 0 | BD60: 0 | BE60: 0 | BF60: 0 | BG60: =G60-H60+I60-J60+K60-L60+M60-N60+O60-P60+Q60-R60+S60-T60+U60-V60+W60-X60+Y60-Z60+AA60-AB60+AC60-AD60+AE60-AF60+AG60-AH60+AI60-AJ60+AK60-AL60+AM60-AN60+AO60-AP60+AQ60-AR60+AS60-AT60+AU60-AV60+AW60-AX60+AY60-AZ60+BA60-BB60+BC60-BD60+BE60-BF60 -> 40
A61: Bungee Cords | B61: ea | C61: =SUM(G61+I61+K61+M61+O61+Q61+S61+U61+W61+Y61+AA61+AC61+AE61+AG61+AI61+AK61+AM61+AQ61+AS61+AU61+AW61+AY61+BA61+BC61+BE61) -> 40 | D61: =SUM(H61+J61+L61+N61+P61+R61+T61+V61+X61+Z61+AB61+AD61+AF61+AH61+AJ61+AL61+AN61+AR61+AT61+AV61+AX61+AZ61+BB61+BD61+BF61) -> 0 | E61: =C61-D61 -> 40 | G61: 0 | H61: 0 | I61: 0 | J61: 0 | K61: 0 | L61: 0 | M61: 0 | N61: 0 | O61: 0 | P61: 0 | Q61: 0 | R61: 0 | S61: 0 | T61: 0 | U61: 0 | V61: 0 | W61: 0 | X61: 0 | Y61: 0 | Z61: 0 | AA61: 0 | AB61: 0 | AC61: 0 | AD61: 0 | AE61: 0 | AF61: 0 | AG61: 0 | AH61: 0 | AI61: 0 | AJ61: 0 | AK61: 0 | AL61: 0 | AM61: 0 | AN61: 0 | AO61: 0 | AP61: 0 | AQ61: 0 | AR61: 0 | AS61: 0 | AT61: 0 | AU61: 40 | AV61: 0 | AW61: 0 | AX61: 0 | AY61: 0 | AZ61: 0 | BA61: 0 | BB61: 0 | BC61: 0 | BD61: 0 | BE61: 0 | BF61: 0 | BG61: =G61-H61+I61-J61+K61-L61+M61-N61+O61-P61+Q61-R61+S61-T61+U61-V61+W61-X61+Y61-Z61+AA61-AB61+AC61-AD61+AE61-AF61+AG61-AH61+AI61-AJ61+AK61-AL61+AM61-AN61+AO61-AP61+AQ61-AR61+AS61-AT61+AU61-AV61+AW61-AX61+AY61-AZ61+BA61-BB61+BC61-BD61+BE61-BF61 -> 40
A62: Shelter Fixing Kits | B62: ea | C62: =SUM(G62+I62+K62+M62+O62+Q62+S62+U62+W62+Y62+AA62+AC62+AE62+AG62+AI62+AK62+AM62+AQ62+AS62+AU62+AW62+AY62+BA62+BC62+BE62) -> 1900 | D62: =SUM(H62+J62+L62+N62+P62+R62+T62+V62+X62+Z62+AB62+AD62+AF62+AH62+AJ62+AL62+AN62+AR62+AT62+AV62+AX62+AZ62+BB62+BD62+BF62) -> 0 | E62: =C62-D62 -> 1900 | F62: MG | G62: 0 | H62: 0 | I62: 0 | J62: 0 | K62: 0 | L62: 0 | M62: 0 | N62: 0 | O62: 0 | P62: 0 | Q62: 0 | R62: 0 | S62: 0 | T62: 0 | U62: 0 | V62: 0 | W62: 0 | X62: 0 | Y62: 0 | Z62: 0 | AA62: 0 | AB62: 0 | AC62: 0 | AD62: 0 | AE62: 0 | AF62: 0 | AG62: 0 | AH62: 0 | AI62: 0 | AJ62: 0 | AK62: 0 | AL62: 0 | AM62: 0 | AN62: 0 | AO62: 0 | AP62: 0 | AQ62: 0 | AR62: 0 | AS62: 0 | AT62: 0 | AU62: 0 | AV62: 0 | AW62: 1900 | AX62: 0 | AY62: 0 | AZ62: 0 | BA62: 0 | BB62: 0 | BC62: 0 | BD62: 0 | BE62: 0 | BF62: 0 | BG62: =G62-H62+I62-J62+K62-L62+M62-N62+O62-P62+Q62-R62+S62-T62+U62-V62+W62-X62+Y62-Z62+AA62-AB62+AC62-AD62+AE62-AF62+AG62-AH62+AI62-AJ62+AK62-AL62+AM62-AN62+AO62-AP62+AQ62-AR62+AS62-AT62+AU62-AV62+AW62-AX62+AY62-AZ62+BA62-BB62+BC62-BD62+BE62-BF62 -> 1900

Sheet Hygiene and Sanitation
A1: Description of Items | B1: Unit | C1: Total Quantity Received | D1: Total Quantity Issued | E1: Quantity in store | F1: Location | G1: 45960 | I1: 45961 | K1: 45962 | M1: 45963 | O1: 45964 | Q1: 45965 | S1: 45966 | U1: 45967 | W1: 45968 | Y1: 45969 | AA1: 45970 | AC1: 45971 | AE1: 45972 | AG1: 45973 | AI1: 45974 | AK1: 45975 | AM1: 45976 | AO1: 45977 | AQ1: 45978 | AS1: 45979 | AU1: 45980 | AW1: 45981 | AY1: 45982 | BA1: 45983 | BC1: 45984 | BE1: 45985 | BG1: Quantity in Store | BH1: Unit Cost | BI1: Total Cost | BJ1: Issued (USD) | BK1: Balance (USD)
G2: Received | H2: Issue | I2: Received | J2: Issue | K2: Received | L2: Issue | M2: Received | N2: Issue | O2: Received | P2: Issue | Q2: Received | R2: Issue | S2: Received | T2: Issue | U2: Received | V2: Issue | W2: Received | X2: Issue | Y2: Received | Z2: Issue | AA2: Received | AB2: Issue | AC2: Received | AD2: Issue | AE2: Received | AF2: Issue | AG2: Received | AH2: Issue | AI2: Received | AJ2: Issue | AK2: Received | AL2: Issue | AM2: Received | AN2: Issue | AO2: Received | AP2: Issue | AQ2: Received | AR2: Issue | AS2: Received | AT2: Issue | AU2: Received | AV2: Issue | AW2: Received | AX2: Issue | AY2: Received | AZ2: Issue | BA2: Received | BB2: Issue | BC2: Received | BD2: Issue | BE2: Received | BF2: Issue
A3: Hygiene Package | B3: ea | C3: =SUM(G3+I3+K3+M3+O3+Q3+S3+U3+W3+Y3+AA3+AC3+AE3+AG3+AI3+AK3+AM3+AQ3+D36+AS3+AU3+AW3+AY3+BA3+BC3+BE3) -> 3399 | D3: =SUM(H3+J3+L3+N3+P3+R3+T3+V3+X3+Z3+AB3+AD3+AF3+AH3+AJ3+AL3+AN3+AR3+AT3+AV3+AX3+AZ3+BB3+BD3+BF3) -> 3065 | E3: =C3-D3 -> 334 | F3: Mobay | G3: 155 | H3: 0 | I3: 0 | J3: 0 | K3: 0 | L3: 0 | M3: 0 | N3: 0 | O3: 0 | P3: 154 | Q3: 1104 | R3: 0 | S3: 1100 | T3: 1100 | U3: 300 | V3: 0 | W3: 0 | X3: 0 | Y3: 0 | Z3: 0 | AA3: 0 | AB3: 300 | AC3: 0 | AD3: 0 | AE3: 740 | AF3: =703+80 -> 783 | AG3: 0 | AH3: =79+66 -> 145 | AI3: 0 | AJ3: 20 | AK3: 0 | AL3: =18+4+40+40+150+40+4 -> 296 | AM3: 0 | AN3: 4 | AO3: 0 | AP3: 0 | AQ3: 0 | AR3: 131 | AS3: 0 | AU3: 0 | AV3: =40+6 -> 46 | AW3: 0 | AX3: 0 | AY3: 0 | AZ3: =41+45 -> 86 | BA3: 0 | BB3: 0 | BC3: 0 | BD3: 0 | BE3: 0 | BF3: 0 | BG3: =G3-H3+I3-J3+K3-L3+M3-N3+O3-P3+Q3-R3+S3-T3+U3-V3+W3-X3+Y3-Z3+AA3-AB3+AC3-AD3+AE3-AF3+AG3-AH3+AI3-AJ3+AK3-AL3+AM3-AN3+AO3-AP3+AQ3-AR3+AS3-AT3+AU3-AV3+AW3-AX3+AY3-AZ3+BA3-BB3+BC3-BD3+BE3-BF3 -> 334 | BH3: 25 | BI3: =C3*BH3 -> 84975 | BJ3: =D3*BH3 -> 76625 | BK3: =E3*BH3 -> 8350
A4: Toothbrush | B4: ea | C4: =SUM(G4+I4+K4+M4+O4+Q4+S4+U4+W4+Y4+AA4+AC4+AE4+AG4+AI4+AK4+AM4+AQ4+D37+AS4+AU4+AW4+AY4+BA4+BC4+BE4) -> 1640 | D4: =SUM(H4+J4+L4+N4+P4+R4+T4+V4+X4+Z4+AB4+AD4+AF4+AH4+AJ4+AL4+AN4+AR4+AT4+AV4+AX4+AZ4+BB4+BD4+BF4) -> 1450 | E4: =C4-D4 -> 190 | G4: 1440 | H4: 0 | I4: 0 | J4: 0 | K4: 0 | L4: 0 | M4: 0 | N4: 0 | O4: 0 | P4: 1450 | Q4: 0 | R4: 0 | S4: 0 | T4: 0 | U4: 0 | V4: 0 | W4: 0 | X4: 0 | Y4: 0 | Z4: 0 | AA4: 0 | AB4: 0 | AC4: 0 | AD4: 0 | AE4: 0 | AF4: 0 | AG4: 0 | AH4: 0 | AI4: 0 | AJ4: 0 | AK4: 0 | AL4: 0 | AM4: 0 | AN4: 0 | AO4: 0 | AP4: 0 | AQ4: 0 | AR4: 0 | AS4: 0 | AT4: 0 | AU4: 0 | AV4: 0 | AW4: 0 | AX4: 0 | AY4: 0 | AZ4: 0 | BA4: 0 | BB4: 0 | BC4: 0 | BD4: 0 | BE4: 0 | BF4: 0 | BG4: =G4-H4+I4-J4+K4-L4+M4-N4+O4-P4+Q4-R4+S4-T4+U4-V4+W4-X4+Y4-Z4+AA4-AB4+AC4-AD4+AE4-AF4+AG4-AH4+AI4-AJ4+AK4-AL4+AM4-AN4+AO4-AP4+AQ4-AR4+AS4-AT4+AU4-AV4+AW4-AX4+AY4-AZ4+BA4-BB4+BC4-BD4+BE4-BF4 -> -10 | BH4: 1.5 | BI4: =C4*BH4 -> 2460 | BJ4: =D4*BH4 -> 2175 | BK4: =E4*BH4 -> 285
A5: Shaving Cream | B5: ea | C5: =SUM(G5+I5+K5+M5+O5+Q5+S5+U5+W5+Y5+AA5+AC5+AE5+AG5+AI5+AK5+AM5+AQ5+D38+AS5+AU5+AW5+AY5+BA5+BC5+BE5) -> 264 | D5: =SUM(H5+J5+L5+N5+P5+R5+T5+V5+X5+Z5+AB5+AD5+AF5+AH5+AJ5+AL5+AN5+AR5+AT5+AV5+AX5+AZ5+BB5+BD5+BF5) -> 214 | E5: =C5-D5 -> 50 | G5: 214 | H5: 0 | I5: 0 | J5: 0 | K5: 0 | L5: 0 | M5: 0 | N5: 0 | O5: 0 | P5: 214 | Q5: 0 | R5: 0 | S5: 0 | T5: 0 | U5: 0 | V5: 0 | W5: 0 | X5: 0 | Y5: 0 | Z5: 0 | AA5: 0 | AB5: 0 | AC5: 0 | AD5: 0 | AE5: 0 | AF5: 0 | AG5: 0 | AH5: 0 | AI5: 0 | AJ5: 0 | AK5: 0 | AL5: 0 | AM5: 0 | AN5: 0 | AO5: 0 | AP5: 0 | AQ5: 0 | AR5: 0 | AS5: 0 | AT5: 0 | AU5: 0 | AV5: 0 | AW5: 0 | AX5: 0 | AY5: 0 | AZ5: 0 | BA5: 0 | BB5: 0 | BC5: 0 | BD5: 0 | BE5: 0 | BF5: 0 | BG5: =G5-H5+I5-J5+K5-L5+M5-N5+O5-P5+Q5-R5+S5-T5+U5-V5+W5-X5+Y5-Z5+AA5-AB5+AC5-AD5+AE5-AF5+AG5-AH5+AI5-AJ5+AK5-AL5+AM5-AN5+AO5-AP5+AQ5-AR5+AS5-AT5+AU5-AV5+AW5-AX5+AY5-AZ5+BA5-BB5+BC5-BD5+BE5-BF5 -> 0 | BH5: 3 | BI5: =C5*BH5 -> 792 | BJ5: =D5*BH5 -> 642 | BK5: =E5*BH5 -> 150
A6: Shaving Razor | B6: ea | C6: =SUM(G6+I6+K6+M6+O6+Q6+S6+U6+W6+Y6+AA6+AC6+AE6+AG6+AI6+AK6+AM6+AQ6+D39+AS6+AU6+AW6+AY6+BA6+BC6+BE6) -> 76 | D6: =SUM(H6+J6+L6+N6+P6+R6+T6+V6+X6+Z6+AB6+AD6+AF6+AH6+AJ6+AL6+AN6+AR6+AT6+AV6+AX6+AZ6+BB6+BD6+BF6) -> 76 | E6: =C6-D6 -> 0 | G6: 76 | H6: 0 | I6: 0 | J6: 0 | K6: 0 | L6: 0 | M6: 0 | N6: 0 | O6: 0 | P6: 76 | Q6: 0 | R6: 0 | S6: 0 | T6: 0 | U6: 0 | V6: 0 | W6: 0 | X6: 0 | Y6: 0 | Z6: 0 | AA6: 0 | AB6: 0 | AC6: 0 | AD6: 0 | AE6: 0 | AF6: 0 | AG6: 0 | AH6: 0 | AI6: 0 | AJ6: 0 | AK6: 0 | AL6: 0 | AM6: 0 | AN6: 0 | AO6: 0 | AP6: 0 | AQ6: 0 | AR6: 0 | AS6: 0 | AT6: 0 | AU6: 0 | AV6: 0 | AW6: 0 | AX6: 0 | AY6: 0 | AZ6: 0 | BA6: 0 | BB6: 0 | BC6: 0 | BD6: 0 | BE6: 0 | BF6: 0 | BG6: =G6-H6+I6-J6+K6-L6+M6-N6+O6-P6+Q6-R6+S6-T6+U6-V6+W6-X6+Y6-Z6+AA6-AB6+AC6-AD6+AE6-AF6+AG6-AH6+AI6-AJ6+AK6-AL6+AM6-AN6+AO6-AP6+AQ6-AR6+AS6-AT6+AU6-AV6+AW6-AX6+AY6-AZ6+BA6-BB6+BC6-BD6+BE6-BF6 -> 0 | BH6: 0.5 | BI6: =C6*BH6 -> 38 | BJ6: =D6*BH6 -> 38 | BK6: =E6*BH6 -> 0
A7: Diapers (Baby) Lrg-Ex Lrg | B7: ea | C7: =SUM(G7+I7+K7+M7+O7+Q7+S7+U7+W7+Y7+AA7+AC7+AE7+AG7+AI7+AK7+AM7+AQ7+D40+AS7+AU7+AW7+AY7+BA7+BC7+BE7) -> 98 | D7: =SUM(H7+J7+L7+N7+P7+R7+T7+V7+X7+Z7+AB7+AD7+AF7+AH7+AJ7+AL7+AN7+AR7+AT7+AV7+AX7+AZ7+BB7+BD7+BF7) -> 48 | E7: =C7-D7 -> 50 | F7: Mobay-48 | G7: 0 | H7: 0 | I7: 0 | J7: 0 | K7: 0 | L7: 0 | M7: 0 | N7: 0 | O7: 0 | P7: 0 | Q7: 0 | R7: 0 | S7: 0 | T7: 0 | U7: 0 | V7: 0 | W7: 0 | X7: 0 | Y7: 0 | Z7: 0 | AA7: 0 | AB7: 0 | AC7: 0 | AD7: 0 | AE7: 0 | AF7: 0 | AG7: 0 | AH7: 0 | AI7: 0 | AJ7: 0 | AK7: 0 | AL7: 0 | AM7: 0 | AN7: 0 | AO7: 0 | AP7: 0 | AQ7: 0 | AR7: 48 | AS7: 48 | AT7: 0 | AU7: 0 | AV7: 0 | AW7: 0 | AX7: 0 | AY7: 0 | AZ7: 0 | BA7: 0 | BB7: 0 | BC7: 0 | BD7: 0 | BE7: 0 | BF7: 0 | BG7: =G7-H7+I7-J7+K7-L7+M7-N7+O7-P7+Q7-R7+S7-T7+U7-V7+W7-X7+Y7-Z7+AA7-AB7+AC7-AD7+AE7-AF7+AG7-AH7+AI7-AJ7+AK7-AL7+AM7-AN7+AO7-AP7+AQ7-AR7+AS7-AT7+AU7-AV7+AW7-AX7+AY7-AZ7+BA7-BB7+BC7-BD7+BE7-BF7 -> 0 | BH7: 28.22 | BI7: =C7*BH7 -> 2765.56 | BJ7: =D7*BH7 -> 1354.56 | BK7: =E7*BH7 -> 1411
A8: Diapers (Baby) 2T-3T | B8: ea | C8: =SUM(G8+I8+K8+M8+O8+Q8+S8+U8+W8+Y8+AA8+AC8+AE8+AG8+AI8+AK8+AM8+AQ8+D41+AS8+AU8+AW8+AY8+BA8+BC8+BE8) -> 220 | D8: =SUM(H8+J8+L8+N8+P8+R8+T8+V8+X8+Z8+AB8+AD8+AF8+AH8+AJ8+AL8+AN8+AR8+AT8+AV8+AX8+AZ8+BB8+BD8+BF8) -> 180 | E8: =C8-D8 -> 40 | F8: Mobay-60 | G8: 0 | H8: 0 | I8: 0 | J8: 0 | K8: 0 | L8: 0 | M8: 0 | N8: 0 | O8: 0 | P8: 0 | Q8: 0 | R8: 0 | S8: 0 | T8: 0 | U8: 0 | V8: 0 | W8: 0 | X8: 0 | Y8: 0 | Z8: 0 | AA8: 0 | AB8: 0 | AC8: 0 | AD8: 0 | AE8: 0 | AF8: 0 | AG8: 0 | AH8: 0 | AI8: 0 | AJ8: 0 | AK8: 0 | AL8: 0 | AM8: 0 | AN8: 0 | AO8: 0 | AP8: 0 | AQ8: 0 | AR8: 120 | AS8: 120 | AT8: 0 | AU8: 0 | AV8: 0 | AW8: 0 | AX8: 0 | AY8: 0 | AZ8: 60 | BA8: 0 | BB8: 0 | BC8: 0 | BD8: 0 | BE8: 0 | BF8: 0 | BG8: =G8-H8+I8-J8+K8-L8+M8-N8+O8-P8+Q8-R8+S8-T8+U8-V8+W8-X8+Y8-Z8+AA8-AB8+AC8-AD8+AE8-AF8+AG8-AH8+AI8-AJ8+AK8-AL8+AM8-AN8+AO8-AP8+AQ8-AR8+AS8-AT8+AU8-AV8+AW8-AX8+AY8-AZ8+BA8-BB8+BC8-BD8+BE8-BF8 -> -60 | BH8: 36.75 | BI8: =C8*BH8 -> 8085 | BJ8: =D8*BH8 -> 6615 | BK8: =E8*BH8 -> 1470
A9: Diapers (Baby) Size 5 | B9: ea | C9: =SUM(G9+I9+K9+M9+O9+Q9+S9+U9+W9+Y9+AA9+AC9+AE9+AG9+AI9+AK9+AM9+AQ9+D42+AS9+AU9+AW9+AY9+BA9+BC9+BE9) -> 5020 | D9: =SUM(H9+J9+L9+N9+P9+R9+T9+V9+X9+Z9+AB9+AD9+AF9+AH9+AJ9+AL9+AN9+AR9+AT9+AV9+AX9+AZ9+BB9+BD9+BF9) -> 240 | E9: =C9-D9 -> 4780 | F9: Mobay-80 | G9: 0 | H9: 0 | I9: 0 | J9: 0 | K9: 0 | L9: 0 | M9: 0 | N9: 0 | O9: 0 | P9: 0 | Q9: 0 | R9: 0 | S9: 0 | T9: 0 | U9: 0 | V9: 0 | W9: 0 | X9: 0 | Y9: 4860 | Z9: 0 | AA9: 0 | AB9: 0 | AC9: 0 | AD9: 0 | AE9: 0 | AF9: 0 | AG9: 0 | AH9: 0 | AI9: 0 | AJ9: 0 | AK9: 0 | AL9: 0 | AM9: 0 | AN9: 0 | AO9: 0 | AP9: 0 | AQ9: 0 | AR9: 160 | AS9: 160 | AT9: 0 | AU9: 0 | AV9: 0 | AW9: 0 | AX9: 0 | AY9: 0 | AZ9: 80 | BA9: 0 | BB9: 0 | BC9: 0 | BD9: 0 | BE9: 0 | BF9: 0 | BG9: =G9-H9+I9-J9+K9-L9+M9-N9+O9-P9+Q9-R9+S9-T9+U9-V9+W9-X9+Y9-Z9+AA9-AB9+AC9-AD9+AE9-AF9+AG9-AH9+AI9-AJ9+AK9-AL9+AM9-AN9+AO9-AP9+AQ9-AR9+AS9-AT9+AU9-AV9+AW9-AX9+AY9-AZ9+BA9-BB9+BC9-BD9+BE9-BF9 -> 4780 | BH9: 2.5 | BI9: =C9*BH9 -> 12550 | BJ9: =D9*BH9 -> 600 | BK9: =E9*BH9 -> 11950
A10: Diapers (Baby) size 4 | B10: ea | C10: =SUM(G10+I10+K10+M10+O10+Q10+S10+U10+W10+Y10+AA10+AC10+AE10+AG10+AI10+AK10+AM10+AQ10+D43+AS10+AU10+AW10+AY10+BA10+BC10+BE10) -> 21533 | D10: =SUM(H10+J10+L10+N10+P10+R10+T10+V10+X10+Z10+AB10+AD10+AF10+AH10+AJ10+AL10+AN10+AR10+AT10+AV10+AX10+AZ10+BB10+BD10+BF10) -> 6311 | E10: =C10-D10 -> 15222 | F10: MG, 199-Mobay | G10: 1332 | H10: 0 | I10: 0 | J10: 0 | K10: 0 | L10: 0 | M10: 0 | N10: 0 | O10: 0 | P10: 1332 | Q10: 0 | R10: 0 | S10: 0 | T10: 0 | U10: 0 | V10: 0 | W10: 9916 | X10: 0 | Y10: 9916 | Z10: 0 | AA10: 0 | AB10: 0 | AC10: 0 | AD10: 0 | AE10: 0 | AF10: 0 | AG10: 0 | AH10: 0 | AI10: 0 | AJ10: 0 | AK10: 0 | AL10: 4440 | AM10: 0 | AN10: 0 | AO10: 0 | AP10: 0 | AQ10: 0 | AR10: 369 | AS10: 369 | AT10: 0 | AU10: 0 | AV10: 0 | AW10: 0 | AX10: 0 | AY10: 0 | AZ10: 170 | BA10: 0 | BB10: 0 | BC10: 0 | BD10: 0 | BE10: 0 | BF10: 0 | BG10: =G10-H10+I10-J10+K10-L10+M10-N10+O10-P10+Q10-R10+S10-T10+U10-V10+W10-X10+Y10-Z10+AA10-AB10+AC10-AD10+AE10-AF10+AG10-AH10+AI10-AJ10+AK10-AL10+AM10-AN10+AO10-AP10+AQ10-AR10+AS10-AT10+AU10-AV10+AW10-AX10+AY10-AZ10+BA10-BB10+BC10-BD10+BE10-BF10 -> 15222 | BH10: 0.3 | BI10: =C10*BH10 -> 6459.9 | BJ10: =D10*BH10 -> 1893.3 | BK10: =E10*BH10 -> 4566.6
A11: Diapers (Baby) Size 3 | B11: ea | C11: =SUM(G11+I11+K11+M11+O11+Q11+S11+U11+W11+Y11+AA11+AC11+AE11+AG11+AI11+AK11+AM11+AQ11+D44+AS11+AU11+AW11+AY11+BA11+BC11+BE11) -> 23804 | D11: =SUM(H11+J11+L11+N11+P11+R11+T11+V11+X11+Z11+AB11+AD11+AF11+AH11+AJ11+AL11+AN11+AR11+AT11+AV11+AX11+AZ11+BB11+BD11+BF11) -> 6092 | E11: =C11-D11 -> 17712 | F11: MG, 300-Mobay | G11: 0 | H11: 0 | I11: 0 | J11: 0 | K11: 0 | L11: 0 | M11: 0 | N11: 0 | O11: 0 | P11: 0 | Q11: 0 | R11: 0 | S11: 0 | T11: 0 | U11: 0 | V11: 0 | W11: 11256 | X11: 0 | Y11: 11256 | Z11: 0 | AA11: 0 | AB11: 0 | AC11: 0 | AD11: 0 | AE11: 0 | AF11: 0 | AG11: 0 | AH11: 0 | AI11: =562 -> 562 | AJ11: 0 | AK11: 0 | AL11: =5040+120 -> 5160 | AM11: 0 | AN11: 0 | AO11: 0 | AP11: 0 | AQ11: 0 | AR11: 442 | AS11: 730 | AT11: 0 | AU11: 0 | AV11: 0 | AW11: 0 | AX11: 0 | AY11: 0 | AZ11: =60+430 -> 490 | BA11: 0 | BB11: 0 | BC11: 0 | BD11: 0 | BE11: 0 | BF11: 0 | BG11: =G11-H11+I11-J11+K11-L11+M11-N11+O11-P11+Q11-R11+S11-T11+U11-V11+W11-X11+Y11-Z11+AA11-AB11+AC11-AD11+AE11-AF11+AG11-AH11+AI11-AJ11+AK11-AL11+AM11-AN11+AO11-AP11+AQ11-AR11+AS11-AT11+AU11-AV11+AW11-AX11+AY11-AZ11+BA11-BB11+BC11-BD11+BE11-BF11 -> 17712 | BH11: 0.3 | BI11: =C11*BH12 -> 7141.2 | BJ11: =D11*BH12 -> 1827.6 | BK11: =E11*BH12 -> 5313.6
A12: Diapers (Baby) Size 2 | B12: ea | C12: =SUM(G12+I12+K12+M12+O12+Q12+S12+U12+W12+Y12+AA12+AC12+AE12+AG12+AI12+AK12+AM12+AQ12+D45+AS12+AU12+AW12+AY12+BA12+BC12+BE12) -> 20016 | D12: =SUM(H12+J12+L12+N12+P12+R12+T12+V12+X12+Z12+AB12+AD12+AF12+AH12+AJ12+AL12+AN12+AR12+AT12+AV12+AX12+AZ12+BB12+BD12+BF12) -> 5680 | E12: =C12-D12 -> 14336 | F12: MG, 560-Mobay | G12: 0 | H12: 0 | I12: 0 | J12: 0 | K12: 0 | L12: 0 | M12: 0 | N12: 0 | O12: 0 | P12: 0 | Q12: 0 | R12: 0 | S12: 0 | T12: 0 | U12: 0 | V12: 0 | W12: 8064 | X12: 0 | Y12: =2688+8064 -> 10752 | Z12: 0 | AA12: 0 | AB12: 0 | AC12: 0 | AD12: 0 | AE12: 0 | AF12: 0 | AG12: 0 | AH12: 0 | AI12: =272 -> 272 | AJ12: 0 | AK12: 0 | AL12: 5040 | AM12: 0 | AN12: 0 | AO12: 0 | AP12: 0 | AQ12: 0 | AR12: 272 | AS12: 928 | AT12: 0 | AU12: 0 | AV12: 0 | AW12: 0 | AX12: 0 | AY12: 0 | AZ12: =112+256 -> 368 | BA12: 0 | BB12: 0 | BC12: 0 | BD12: 0 | BE12: 0 | BF12: 0 | BG12: =G12-H12+I12-J12+K12-L12+M12-N12+O12-P12+Q12-R12+S12-T12+U12-V12+W12-X12+Y12-Z12+AA12-AB12+AC12-AD12+AE12-AF12+AG12-AH12+AI12-AJ12+AK12-AL12+AM12-AN12+AO12-AP12+AQ12-AR12+AS12-AT12+AU12-AV12+AW12-AX12+AY12-AZ12+BA12-BB12+BC12-BD12+BE12-BF12 -> 14336 | BH12: 0.3 | BI12: =C12*BH12 -> 6004.8 | BJ12: =D12*BH12 -> 1704 | BK12: =E12*BH12 -> 4300.8
A13: Diapers (Baby) Size 1 | B13: ea | C13: =SUM(G13+I13+K13+M13+O13+Q13+S13+U13+W13+Y13+AA13+AC13+AE13+AG13+AI13+AK13+AM13+AQ13+D46+AS13+AU13+AW13+AY13+BA13+BC13+BE13) -> 7094 | D13: =SUM(H13+J13+L13+N13+P13+R13+T13+V13+X13+Z13+AB13+AD13+AF13+AH13+AJ13+AL13+AN13+AR13+AT13+AV13+AX13+AZ13+BB13+BD13+BF13) -> 686 | E13: =C13-D13 -> 6408 | F13: Mobay- 152 | G13: 0 | H13: 0 | I13: 0 | J13: 0 | K13: 0 | L13: 0 | M13: 0 | N13: 0 | O13: 0 | P13: 0 | Q13: 0 | R13: 0 | S13: 0 | T13: 0 | U13: 0 | V13: 0 | W13: 0 | X13: 0 | Y13: 6200 | Z13: 0 | AA13: 0 | AB13: 0 | AC13: 0 | AD13: 0 | AE13: 0 | AF13: 0 | AG13: 0 | AH13: 0 | AI13: 400 | AJ13: 0 | AK13: 0 | AL13: 0 | AM13: 0 | AN13: 0 | AO13: 0 | AP13: 0 | AQ13: 0 | AR13: 400 | AS13: 494 | AT13: 0 | AU13: 0 | AV13: 0 | AW13: 0 | AX13: 0 | AY13: 0 | AZ13: =30+256 -> 286 | BA13: 0 | BB13: 0 | BC13: 0 | BD13: 0 | BE13: 0 | BF13: 0 | BG13: =G13-H13+I13-J13+K13-L13+M13-N13+O13-P13+Q13-R13+S13-T13+U13-V13+W13-X13+Y13-Z13+AA13-AB13+AC13-AD13+AE13-AF13+AG13-AH13+AI13-AJ13+AK13-AL13+AM13-AN13+AO13-AP13+AQ13-AR13+AS13-AT13+AU13-AV13+AW13-AX13+AY13-AZ13+BA13-BB13+BC13-BD13+BE13-BF13 -> 6408 | BH13: 0.3 | BI13: =C13*BH13 -> 2128.2 | BJ13: =D13*BH13 -> 205.8 | BK13: =E13*BH13 -> 1922.4
A14: Diapers (Baby) Sml | B14: ea | C14: =SUM(G14+I14+K14+M14+O14+Q14+S14+U14+W14+Y14+AA14+AC14+AE14+AG14+AI14+AK14+AM14+AQ14+D47+AS14+AU14+AW14+AY14+BA14+BC14+BE14) -> 254 | D14: =SUM(H14+J14+L14+N14+P14+R14+T14+V14+X14+Z14+AB14+AD14+AF14+AH14+AJ14+AL14+AN14+AR14+AT14+AV14+AX14+AZ14+BB14+BD14+BF14) -> 254 | E14: =C14-D14 -> 0 | F14: Mobay-254 | G14: 0 | H14: 0 | I14: 0 | J14: 0 | K14: 0 | L14: 0 | M14: 0 | N14: 0 | O14: 0 | P14: 0 | Q14: 0 | R14: 0 | S14: 0 | T14: 0 | U14: 0 | V14: 0 | W14: 0 | X14: 0 | Y14: 0 | Z14: 0 | AA14: 0 | AB14: 0 | AC14: 0 | AD14: 0 | AE14: 0 | AF14: 0 | AG14: 0 | AH14: 0 | AI14: 254 | AJ14: 0 | AK14: 0 | AL14: 0 | AM14: 0 | AN14: 0 | AO14: 0 | AP14: 0 | AQ14: 0 | AR14: 254 | AS14: 0 | AT14: 0 | AU14: 0 | AV14: 0 | AW14: 0 | AX14: 0 | AY14: 0 | AZ14: 0 | BA14: 0 | BB14: 0 | BC14: 0 | BD14: 0 | BE14: 0 | BF14: 0 | BG14: =G14-H14+I14-J14+K14-L14+M14-N14+O14-P14+Q14-R14+S14-T14+U14-V14+W14-X14+Y14-Z14+AA14-AB14+AC14-AD14+AE14-AF14+AG14-AH14+AI14-AJ14+AK14-AL14+AM14-AN14+AO14-AP14+AQ14-AR14+AS14-AT14+AU14-AV14+AW14-AX14+AY14-AZ14+BA14-BB14+BC14-BD14+BE14-BF14 -> 0 | BH14: 0.2 | BI14: =C14*BH14 -> 50.8 | BJ14: =D14*BH14 -> 50.8 | BK14: =E14*BH14 -> 0
A15: Diapers (Baby) Newborn | B15: ea | C15: =SUM(G15+I15+K15+M15+O15+Q15+S15+U15+W15+Y15+AA15+AC15+AE15+AG15+AI15+AK15+AM15+AQ15+D48+AS15+AU15+AW15+AY15+BA15+BC15+BE15) -> 21675 | D15: =SUM(H15+J15+L15+N15+P15+R15+T15+V15+X15+Z15+AB15+AD15+AF15+AH15+AJ15+AL15+AN15+AR15+AT15+AV15+AX15+AZ15+BB15+BD15+BF15) -> 3631 | E15: =C15-D15 -> 18044 | F15: MG, Mobay-44 | G15: 0 | H15: 0 | I15: 0 | J15: 0 | K15: 0 | L15: 0 | M15: 0 | N15: 0 | O15: 0 | P15: 0 | Q15: 0 | R15: 0 | S15: 0 | T15: 0 | U15: 0 | V15: 0 | W15: =10800 -> 10800 | X15: 0 | Y15: 10800 | Z15: 0 | AA15: 0 | AB15: 0 | AC15: 0 | AD15: 0 | AE15: 0 | AF15: 0 | AG15: 0 | AH15: 0 | AI15: =31 -> 31 | AJ15: 0 | AK15: 0 | AL15: 3600 | AM15: 0 | AN15: 0 | AO15: 0 | AP15: 0 | AQ15: 0 | AR15: 31 | AS15: 44 | AT15: 0 | AU15: 0 | AV15: 0 | AW15: 0 | AX15: 0 | AY15: 0 | AZ15: 0 | BA15: 0 | BB15: 0 | BC15: 0 | BD15: 0 | BE15: 0 | BF15: 0 | BG15: =G15-H15+I15-J15+K15-L15+M15-N15+O15-P15+Q15-R15+S15-T15+U15-V15+W15-X15+Y15-Z15+AA15-AB15+AC15-AD15+AE15-AF15+AG15-AH15+AI15-AJ15+AK15-AL15+AM15-AN15+AO15-AP15+AQ15-AR15+AS15-AT15+AU15-AV15+AW15-AX15+AY15-AZ15+BA15-BB15+BC15-BD15+BE15-BF15 -> 18044 | BH15: 0.3 | BI15: =C15*BH15 -> 6502.5 | BJ15: =D15*BH15 -> 1089.3 | BK15: =E15*BH15 -> 5413.2
A16: Diapers(Adult) | B16: ea | C16: =SUM(G16+I16+K16+M16+O16+Q16+S16+U16+W16+Y16+AA16+AC16+AE16+AG16+AI16+AK16+AM16+AQ16+D49+AS16+AU16+AW16+AY16+BA16+BC16+BE16) -> 1414 | D16: =SUM(H16+J16+L16+N16+P16+R16+T16+V16+X16+Z16+AB16+AD16+AF16+AH16+AJ16+AL16+AN16+AR16+AT16+AV16+AX16+AZ16+BB16+BD16+BF16) -> 1016 | E16: =C16-D16 -> 398 | F16: Mobay- 508 | G16: 804 | H16: 0 | I16: 0 | J16: 0 | K16: 0 | L16: 0 | M16: 0 | N16: 0 | O16: 0 | P16: 804 | Q16: 0 | R16: 0 | S16: 0 | T16: 0 | U16: 0 | V16: 0 | W16: 0 | X16: 0 | Y16: 0 | Z16: 0 | AA16: 0 | AB16: 0 | AC16: 0 | AD16: 0 | AE16: 0 | AF16: 0 | AG16: 0 | AH16: 0 | AI16: =102 -> 102 | AJ16: 0 | AK16: 0 | AL16: 0 | AM16: 0 | AN16: 0 | AO16: 0 | AP16: 0 | AQ16: 0 | AR16: 102 | AS16: 508 | AT16: 0 | AU16: 0 | AV16: 0 | AW16: 0 | AX16: 0 | AY16: 0 | AZ16: 110 | BA16: 0 | BB16: 0 | BC16: 0 | BD16: 0 | BE16: 0 | BF16: 0 | BG16: =G16-H16+I16-J16+K16-L16+M16-N16+O16-P16+Q16-R16+S16-T16+U16-V16+W16-X16+Y16-Z16+AA16-AB16+AC16-AD16+AE16-AF16+AG16-AH16+AI16-AJ16+AK16-AL16+AM16-AN16+AO16-AP16+AQ16-AR16+AS16-AT16+AU16-AV16+AW16-AX16+AY16-AZ16+BA16-BB16+BC16-BD16+BE16-BF16 -> 398 | BH16: 1 | BI16: =C16*BH16 -> 1414 | BJ16: =D16*BH16 -> 1016 | BK16: =E16*BH16 -> 398
A17: Antiseptic Alcohol wipes | B17: ea | C17: =SUM(G17+I17+K17+M17+O17+Q17+S17+U17+W17+Y17+AA17+AC17+AE17+AG17+AI17+AK17+AM17+AQ17+D50+AS17+AU17+AW17+AY17+BA17+BC17+BE17) -> 12 | D17: =SUM(H17+J17+L17+N17+P17+R17+T17+V17+X17+Z17+AB17+AD17+AF17+AH17+AJ17+AL17+AN17+AR17+AT17+AV17+AX17+AZ17+BB17+BD17+BF17) -> 12 | E17: =C17-D17 -> 0 | G17: 12 | H17: 0 | I17: 0 | J17: 0 | K17: 0 | L17: 0 | M17: 0 | N17: 0 | O17: 0 | P17: 12 | Q17: 0 | R17: 0 | S17: 0 | T17: 0 | U17: 0 | V17: 0 | W17: 0 | X17: 0 | Y17: 0 | Z17: 0 | AA17: 0 | AB17: 0 | AC17: 0 | AD17: 0 | AE17: 0 | AF17: 0 | AG17: 0 | AH17: 0 | AI17: 0 | AJ17: 0 | AK17: 0 | AL17: 0 | AM17: 0 | AN17: 0 | AO17: 0 | AP17: 0 | AQ17: 0 | AR17: 0 | AS17: 0 | AT17: 0 | AU17: 0 | AV17: 0 | AW17: 0 | AX17: 0 | AY17: 0 | AZ17: 0 | BA17: 0 | BB17: 0 | BC17: 0 | BD17: 0 | BE17: 0 | BF17: 0 | BG17: =G17-H17+I17-J17+K17-L17+M17-N17+O17-P17+Q17-R17+S17-T17+U17-V17+W17-X17+Y17-Z17+AA17-AB17+AC17-AD17+AE17-AF17+AG17-AH17+AI17-AJ17+AK17-AL17+AM17-AN17+AO17-AP17+AQ17-AR17+AS17-AT17+AU17-AV17+AW17-AX17+AY17-AZ17+BA17-BB17+BC17-BD17+BE17-BF17 -> 0 | BH17: 1.5 | BI17: =C17*BH17 -> 18 | BJ17: =D17*BH17 -> 18 | BK17: =E17*BH17 -> 0
A18: Laundry Detergent | B18: ea | C18: =SUM(G18+I18+K18+M18+O18+Q18+S18+U18+W18+Y18+AA18+AC18+AE18+AG18+AI18+AK18+AM18+AQ18+D51+AS18+AU18+AW18+AY18+BA18+BC18+BE18) -> 57 | D18: =SUM(H18+J18+L18+N18+P18+R18+T18+V18+X18+Z18+AB18+AD18+AF18+AH18+AJ18+AL18+AN18+AR18+AT18+AV18+AX18+AZ18+BB18+BD18+BF18) -> 0 | E18: =C18-D18 -> 57 | F18: 21-MG, 36-KG | G18: 0 | H18: 0 | I18: 0 | J18: 0 | K18: 0 | L18: 0 | M18: 0 | N18: 0 | O18: 0 | P18: 0 | Q18: 0 | R18: 0 | S18: 0 | T18: 0 | U18: 0 | V18: 0 | W18: 0 | X18: 0 | Y18: =21+15+21 -> 57 | Z18: 0 | AA18: 0 | AB18: 0 | AC18: 0 | AD18: 0 | AE18: 0 | AF18: 0 | AG18: 0 | AH18: 0 | AI18: 0 | AJ18: 0 | AK18: 0 | AL18: 0 | AM18: 0 | AN18: 0 | AO18: 0 | AP18: 0 | AQ18: 0 | AR18: 0 | AS18: 0 | AT18: 0 | AU18: 0 | AV18: 0 | AW18: 0 | AX18: 0 | AY18: 0 | AZ18: 0 | BA18: 0 | BB18: 0 | BC18: 0 | BD18: 0 | BE18: 0 | BF18: 0 | BG18: =G18-H18+I18-J18+K18-L18+M18-N18+O18-P18+Q18-R18+S18-T18+U18-V18+W18-X18+Y18-Z18+AA18-AB18+AC18-AD18+AE18-AF18+AG18-AH18+AI18-AJ18+AK18-AL18+AM18-AN18+AO18-AP18+AQ18-AR18+AS18-AT18+AU18-AV18+AW18-AX18+AY18-AZ18+BA18-BB18+BC18-BD18+BE18-BF18 -> 57 | BH18: 8 | BI18: =C18*BH18 -> 456 | BJ18: =D18*BH18 -> 0 | BK18: =E18*BH18 -> 456
A19: Travel Size Sanitation Bag | B19: ea | C19: =SUM(G19+I19+K19+M19+O19+Q19+S19+U19+W19+Y19+AA19+AC19+AE19+AG19+AI19+AK19+AM19+AQ19+D52+AS19+AU19+AW19+AY19+BA19+BC19+BE19) -> 8100 | D19: =SUM(H19+J19+L19+N19+P19+R19+T19+V19+X19+Z19+AB19+AD19+AF19+AH19+AJ19+AL19+AN19+AR19+AT19+AV19+AX19+AZ19+BB19+BD19+BF19) -> 8100 | E19: =C19-D19 -> 0 | F19: KG | G19: 0 | H19: 0 | I19: 0 | J19: 0 | K19: 0 | L19: 0 | M19: 0 | N19: 0 | O19: 0 | P19: 0 | Q19: 0 | R19: 0 | S19: 0 | T19: 0 | U19: 0 | V19: 0 | W19: 0 | X19: 0 | Y19: 8100 | Z19: 0 | AA19: 0 | AB19: 0 | AC19: 0 | AD19: 0 | AE19: 0 | AF19: 0 | AG19: 0 | AH19: 0 | AI19: 0 | AJ19: 0 | AK19: 0 | AL19: 0 | AM19: 0 | AN19: =2000+2000+2000 -> 6000 | AO19: 0 | AP19: 0 | AQ19: 0 | AR19: 0 | AS19: 0 | AT19: 0 | AU19: 0 | AV19: 0 | AW19: 0 | AX19: =100+2000 -> 2100 | AY19: 0 | AZ19: 0 | BA19: 0 | BB19: 0 | BC19: 0 | BD19: 0 | BE19: 0 | BF19: 0 | BG19: =G19-H19+I19-J19+K19-L19+M19-N19+O19-P19+Q19-R19+S19-T19+U19-V19+W19-X19+Y19-Z19+AA19-AB19+AC19-AD19+AE19-AF19+AG19-AH19+AI19-AJ19+AK19-AL19+AM19-AN19+AO19-AP19+AQ19-AR19+AS19-AT19+AU19-AV19+AW19-AX19+AY19-AZ19+BA19-BB19+BC19-BD19+BE19-BF19 -> 0 | BH19: 8 | BI19: =C19*BH19 -> 64800 | BJ19: =D19*BH19 -> 64800 | BK19: =E19*BH19 -> 0
A20: Shop Towels(Scott) | B20: ea | C20: =SUM(G20+I20+K20+M20+O20+Q20+S20+U20+W20+Y20+AA20+AC20+AE20+AG20+AI20+AK20+AM20+AQ20+D53+AS20+AU20+AW20+AY20+BA20+BC20+BE20) -> 135 | D20: =SUM(H20+J20+L20+N20+P20+R20+T20+V20+X20+Z20+AB20+AD20+AF20+AH20+AJ20+AL20+AN20+AR20+AT20+AV20+AX20+AZ20+BB20+BD20+BF20) -> 0 | E20: =C20-D20 -> 135 | F20: 72-MG, 63-KG | G20: 0 | H20: 0 | I20: 0 | J20: 0 | K20: 0 | L20: 0 | M20: 0 | N20: 0 | O20: 0 | P20: 0 | Q20: 0 | R20: 0 | S20: 0 | T20: 0 | U20: 0 | V20: 0 | W20: 0 | X20: 0 | Y20: =72+63 -> 135 | Z20: 0 | AA20: 0 | AB20: 0 | AC20: 0 | AD20: 0 | AE20: 0 | AF20: 0 | AG20: 0 | AH20: 0 | AI20: 0 | AJ20: 0 | AK20: 0 | AL20: 0 | AM20: 0 | AN20: 0 | AO20: 0 | AP20: 0 | AQ20: 0 | AR20: 0 | AS20: 0 | AT20: 0 | AU20: 0 | AV20: 0 | AW20: 0 | AX20: 0 | AY20: 0 | AZ20: 0 | BA20: 0 | BB20: 0 | BC20: 0 | BD20: 0 | BE20: 0 | BF20: 0 | BG20: =G20-H20+I20-J20+K20-L20+M20-N20+O20-P20+Q20-R20+S20-T20+U20-V20+W20-X20+Y20-Z20+AA20-AB20+AC20-AD20+AE20-AF20+AG20-AH20+AI20-AJ20+AK20-AL20+AM20-AN20+AO20-AP20+AQ20-AR20+AS20-AT20+AU20-AV20+AW20-AX20+AY20-AZ20+BA20-BB20+BC20-BD20+BE20-BF20 -> 135 | BH20: 12 | BI20: =C20*BH20 -> 1620 | BJ20: =D20*BH20 -> 0 | BK20: =E20*BH20 -> 1620
A21: Drip/Water Filter | B21: ea | C21: =SUM(G21+I21+K21+M21+O21+Q21+S21+U21+W21+Y21+AA21+AC21+AE21+AG21+AI21+AK21+AM21+AQ21+D54+AS21+AU21+AW21+AY21+BA21+BC21+BE21) -> 4021 | D21: =SUM(H21+J21+L21+N21+P21+R21+T21+V21+X21+Z21+AB21+AD21+AF21+AH21+AJ21+AL21+AN21+AR21+AT21+AV21+AX21+AZ21+BB21+BD21+BF21) -> 0 | E21: =C21-D21 -> 4021 | F21: KW | G21: 0 | H21: 0 | I21: 0 | J21: 0 | K21: 0 | L21: 0 | M21: 0 | N21: 0 | O21: 0 | P21: 0 | Q21: 0 | R21: 0 | S21: 0 | T21: 0 | U21: 0 | V21: 0 | W21: 0 | X21: 0 | Y21: 0 | Z21: 0 | AA21: 0 | AB21: 0 | AC21: 0 | AD21: 0 | AE21: 0 | AF21: 0 | AG21: 0 | AH21: 0 | AI21: 0 | AJ21: 0 | AK21: 4000 | AL21: 0 | AM21: 0 | AN21: 0 | AO21: 0 | AP21: 0 | AQ21: 0 | AR21: 0 | AS21: 0 | AT21: 0 | AU21: 21 | AV21: 0 | AW21: 0 | AX21: 0 | AY21: 0 | AZ21: 0 | BA21: 0 | BB21: 0 | BC21: 0 | BD21: 0 | BE21: 0 | BF21: 0 | BG21: =G21-H21+I21-J21+K21-L21+M21-N21+O21-P21+Q21-R21+S21-T21+U21-V21+W21-X21+Y21-Z21+AA21-AB21+AC21-AD21+AE21-AF21+AG21-AH21+AI21-AJ21+AK21-AL21+AM21-AN21+AO21-AP21+AQ21-AR21+AS21-AT21+AU21-AV21+AW21-AX21+AY21-AZ21+BA21-BB21+BC21-BD21+BE21-BF21 -> 4021 | BH21: 66.77 | BI21: =C21*BH21 -> 268482.17 | BJ21: =D21*BH21 -> 0 | BK21: =E21*BH21 -> 268482.17
